target_timestamp,actual_pof,predicted_pof,absolute_error,actual_high_risk_flag,predicted_high_risk_flag,proxy_event_label
2023-01-22T17:00:00,0.03677291,0.060251202,0.023478292,0,0,1
2023-01-22T17:10:00,0.034643885,0.060251743,0.025607858,0,0,0
2023-01-22T17:20:00,0.033153635,0.060251355,0.02709772,0,0,0
2023-01-22T17:30:00,0.033415098,0.060250826,0.026835728,0,0,0
2023-01-22T17:40:00,0.033093043,0.06025085,0.027157806,0,0,0
2023-01-22T17:50:00,0.038151413,0.06025047,0.022099055,0,0,0
2023-01-22T18:00:00,0.03767639,0.060250577,0.022574186,0,0,0
2023-01-22T18:10:00,0.04144715,0.06025051,0.018803358,0,0,0
2023-01-22T18:20:00,0.03968682,0.060251366,0.020564545,0,0,0
2023-01-22T18:30:00,0.040174793,0.060251173,0.02007638,0,0,0
2023-01-22T18:40:00,0.040269297,0.060250606,0.01998131,0,0,0
2023-01-22T18:50:00,0.039720852,0.06025043,0.02052958,0,0,0
2023-01-22T19:00:00,0.036193416,0.06025047,0.024057053,0,0,0
2023-01-22T19:10:00,0.035381414,0.060249552,0.024868138,0,0,0
2023-01-22T19:20:00,0.034924325,0.06024954,0.025325216,0,0,0
2023-01-22T19:30:00,0.03568132,0.0602494,0.02456808,0,0,0
2023-01-22T19:40:00,0.03572957,0.060249552,0.024519984,0,0,0
2023-01-22T19:50:00,0.03699953,0.060249638,0.023250107,0,0,0
2023-01-22T20:00:00,0.02290825,0.06025143,0.03734318,0,0,0
2023-01-22T20:10:00,0.025394903,0.06025096,0.03485606,0,0,0
2023-01-22T20:20:00,0.02559532,0.06025131,0.03465599,0,0,0
2023-01-22T20:30:00,0.025439795,0.06025193,0.034812134,0,0,0
2023-01-22T20:40:00,0.025500309,0.06025126,0.03475095,0,0,0
2023-01-22T20:50:00,0.025353367,0.06025085,0.034897484,0,0,0
2023-01-22T21:00:00,0.023209928,0.060251188,0.03704126,0,0,0
2023-01-22T21:10:00,0.022247959,0.06025072,0.03800276,0,0,0
2023-01-22T21:20:00,0.022336906,0.060250632,0.037913725,0,0,0
2023-01-22T21:30:00,0.022351507,0.06025039,0.037898883,0,0,0
2023-01-22T21:40:00,0.022975784,0.06025069,0.037274905,0,0,0
2023-01-22T21:50:00,0.024219865,0.060250744,0.03603088,0,0,0
2023-01-22T22:00:00,0.02526081,0.06025076,0.03498995,0,0,0
2023-01-22T22:10:00,0.02570247,0.060250606,0.034548134,0,0,0
2023-01-22T22:20:00,0.027690144,0.06024977,0.032559626,0,0,0
2023-01-22T22:30:00,0.027562527,0.06024993,0.032687403,0,0,0
2023-01-22T22:40:00,0.026656365,0.060249906,0.033593543,0,0,0
2023-01-22T22:50:00,0.026594667,0.060250234,0.03365557,0,0,0
2023-01-22T23:00:00,0.025092907,0.06025047,0.03515756,0,0,0
2023-01-22T23:10:00,0.023934314,0.06024968,0.036315367,0,0,0
2023-01-22T23:20:00,0.02434489,0.0602495,0.03590461,0,0,0
2023-01-22T23:30:00,0.023573622,0.060249746,0.036676124,0,0,0
2023-01-22T23:40:00,0.02423608,0.06024977,0.03601369,0,0,0
2023-01-22T23:50:00,0.026032854,0.060249444,0.03421659,0,0,0
2023-01-23T00:00:00,0.027093407,0.06024927,0.033155862,0,0,0
2023-01-23T00:10:00,0.028400999,0.060249552,0.031848554,0,0,0
2023-01-23T00:20:00,0.029377189,0.060248874,0.030871686,0,0,0
2023-01-23T00:30:00,0.02961791,0.060249444,0.030631535,0,0,0
2023-01-23T00:40:00,0.029323174,0.0602488,0.030925626,0,0,0
2023-01-23T00:50:00,0.028323557,0.060249154,0.031925596,0,0,0
2023-01-23T01:00:00,0.027595075,0.060249325,0.03265425,0,0,0
2023-01-23T01:10:00,0.025459414,0.060248986,0.03478957,0,0,0
2023-01-23T01:20:00,0.025250128,0.060248695,0.034998566,0,0,0
2023-01-23T01:30:00,0.02536103,0.060248557,0.03488753,0,0,0
2023-01-23T01:40:00,0.025637725,0.060249414,0.034611687,0,0,0
2023-01-23T01:50:00,0.028028201,0.060249444,0.032221243,0,0,0
2023-01-23T02:00:00,0.028477026,0.060248625,0.0317716,0,0,0
2023-01-23T02:10:00,0.030983217,0.060248848,0.029265631,0,0,0
2023-01-23T02:20:00,0.03163965,0.060249012,0.028609361,0,0,0
2023-01-23T02:30:00,0.030649735,0.060249124,0.029599389,0,0,0
2023-01-23T02:40:00,0.030566288,0.06024954,0.029683253,0,0,0
2023-01-23T02:50:00,0.028930167,0.0602488,0.031318635,0,0,0
2023-01-23T03:00:00,0.028441658,0.060249124,0.031807467,0,0,0
2023-01-23T03:10:00,0.027768012,0.060248863,0.03248085,0,0,0
2023-01-23T03:20:00,0.026813071,0.060248695,0.033435624,0,0,0
2023-01-23T03:30:00,0.027427265,0.06024847,0.03282121,0,0,0
2023-01-23T03:40:00,0.0272591,0.06024877,0.03298967,0,0,0
2023-01-23T03:50:00,0.029242005,0.060249012,0.031007007,0,0,0
2023-01-23T04:00:00,0.030690746,0.06024847,0.029557725,0,0,0
2023-01-23T04:10:00,0.0324442,0.060249,0.0278048,0,0,0
2023-01-23T04:20:00,0.031843655,0.060249206,0.02840555,0,0,0
2023-01-23T04:30:00,0.033178885,0.060248714,0.02706983,0,0,0
2023-01-23T04:40:00,0.033648893,0.060248815,0.026599921,0,0,0
2023-01-23T04:50:00,0.030837711,0.060248308,0.029410597,0,0,0
2023-01-23T05:00:00,0.02950359,0.060248584,0.030744994,0,0,0
2023-01-23T05:10:00,0.027877832,0.060248904,0.032371074,0,0,0
2023-01-23T05:20:00,0.028675228,0.06024877,0.03157354,0,0,0
2023-01-23T05:30:00,0.027371848,0.060248874,0.032877028,0,0,0
2023-01-23T05:40:00,0.028168198,0.060248945,0.032080747,0,0,0
2023-01-23T05:50:00,0.029791897,0.06024889,0.030456992,0,0,0
2023-01-23T06:00:00,0.031209901,0.060248915,0.029039014,0,0,0
2023-01-23T06:10:00,0.032141205,0.060249414,0.02810821,0,0,0
2023-01-23T06:20:00,0.034152165,0.060249206,0.02609704,0,0,0
2023-01-23T06:30:00,0.032898556,0.060249068,0.027350511,0,0,0
2023-01-23T06:40:00,0.031962257,0.06024927,0.028287012,0,0,0
2023-01-23T06:50:00,0.03123632,0.06024918,0.029012859,0,0,0
2023-01-23T07:00:00,0.029790925,0.0602493,0.030458374,0,0,0
2023-01-23T07:10:00,0.027860409,0.060249455,0.032389045,0,0,0
2023-01-23T07:20:00,0.02713783,0.060249638,0.033111807,0,0,0
2023-01-23T07:30:00,0.02808952,0.06024951,0.03215999,0,0,0
2023-01-23T07:40:00,0.028434427,0.060249284,0.03181486,0,0,0
2023-01-23T07:50:00,0.028882345,0.060249608,0.031367265,0,0,0
2023-01-23T08:00:00,0.0494846,0.06024793,0.010763332,0,0,0
2023-01-23T08:10:00,0.051443364,0.060247615,0.0088042505,0,0,0
2023-01-23T08:20:00,0.051220965,0.060247906,0.009026941,0,0,0
2023-01-23T08:30:00,0.05271966,0.060248364,0.0075287037,0,0,0
2023-01-23T08:40:00,0.049666785,0.060248446,0.010581661,0,0,0
2023-01-23T08:50:00,0.049838927,0.060248364,0.010409437,0,0,0
2023-01-23T09:00:00,0.045851987,0.06024914,0.014397152,0,0,0
2023-01-23T09:10:00,0.043279212,0.060248557,0.016969346,0,0,0
2023-01-23T09:20:00,0.04259997,0.060248714,0.017648745,0,0,0
2023-01-23T09:30:00,0.044159383,0.060248364,0.016088981,0,0,0
2023-01-23T09:40:00,0.04238221,0.060248815,0.017866604,0,0,0
2023-01-23T09:50:00,0.043820966,0.060248915,0.01642795,0,0,0
2023-01-23T10:00:00,0.047279757,0.06024843,0.012968674,0,0,0
2023-01-23T10:10:00,0.048507445,0.06024927,0.011741824,0,0,0
2023-01-23T10:20:00,0.050445907,0.06024914,0.009803232,0,0,0
2023-01-23T10:30:00,0.0485437,0.060249865,0.011706166,0,0,0
2023-01-23T10:40:00,0.048699275,0.06024988,0.011550605,0,0,0
2023-01-23T10:50:00,0.04592804,0.06024972,0.014321681,0,0,0
2023-01-23T11:00:00,0.03397477,0.06024993,0.026275158,0,0,0
2023-01-23T11:10:00,0.032406498,0.060250495,0.027843997,0,0,0
2023-01-23T11:20:00,0.031862207,0.06025042,0.028388213,0,0,0
2023-01-23T11:30:00,0.03150362,0.06025126,0.028747637,0,0,0
2023-01-23T11:40:00,0.032115895,0.060250632,0.028134737,0,0,0
2023-01-23T11:50:00,0.032893118,0.060250826,0.027357709,0,0,0
2023-01-23T12:00:00,0.03442835,0.060251366,0.025823016,0,0,0
2023-01-23T12:10:00,0.036754124,0.06025123,0.023497105,0,0,0
2023-01-23T12:20:00,0.036204908,0.060251687,0.024046779,0,0,0
2023-01-23T12:30:00,0.035807468,0.060251944,0.024444476,0,0,0
2023-01-23T12:40:00,0.0355541,0.060251955,0.024697855,0,0,0
2023-01-23T12:50:00,0.033189643,0.060251866,0.027062222,0,0,0
2023-01-23T13:00:00,0.03197338,0.060251713,0.028278332,0,0,0
2023-01-23T13:10:00,0.030404318,0.06025146,0.029847141,0,0,0
2023-01-23T13:20:00,0.028779173,0.060251445,0.031472273,0,0,0
2023-01-23T13:30:00,0.0287295,0.06025188,0.03152238,0,0,0
2023-01-23T13:40:00,0.029186687,0.060252115,0.031065429,0,0,0
2023-01-23T13:50:00,0.030238345,0.060251895,0.03001355,0,0,0
2023-01-23T14:00:00,0.031222,0.060252495,0.029030494,0,0,0
2023-01-23T14:10:00,0.03316388,0.060252186,0.027088307,0,0,0
2023-01-23T14:20:00,0.03327721,0.060252268,0.026975058,0,0,0
2023-01-23T14:30:00,0.03293369,0.060252324,0.027318634,0,0,0
2023-01-23T14:40:00,0.033410136,0.060252324,0.026842188,0,0,0
2023-01-23T14:50:00,0.031352863,0.06025239,0.028899528,0,0,0
2023-01-23T15:00:00,0.030393073,0.06025204,0.029858967,0,0,0
2023-01-23T15:10:00,0.02785036,0.06025217,0.03240181,0,0,0
2023-01-23T15:20:00,0.027597433,0.06025293,0.0326555,0,0,0
2023-01-23T15:30:00,0.027570881,0.060252566,0.032681685,0,0,0
2023-01-23T15:40:00,0.027222726,0.060252823,0.033030096,0,0,0
2023-01-23T15:50:00,0.029720843,0.06025264,0.030531798,0,0,0
2023-01-23T16:00:00,0.03019513,0.060252808,0.030057678,0,0,0
2023-01-23T16:10:00,0.03162717,0.060252454,0.028625283,0,0,0
2023-01-23T16:20:00,0.031721357,0.060252406,0.028531048,0,0,0
2023-01-23T16:30:00,0.031823315,0.060251907,0.028428592,0,0,0
2023-01-23T16:40:00,0.031317987,0.06025239,0.028934404,0,0,0
2023-01-23T16:50:00,0.029703202,0.060252536,0.030549334,0,0,0
2023-01-23T17:00:00,0.03770884,0.060251687,0.022542845,0,0,0
2023-01-23T17:10:00,0.035377502,0.060249705,0.024872202,0,0,0
2023-01-23T17:20:00,0.03345337,0.06025152,0.026798148,0,0,0
2023-01-23T17:30:00,0.03482665,0.06025134,0.025424689,0,0,0
2023-01-23T17:40:00,0.034317356,0.060251202,0.025933847,0,0,0
2023-01-23T17:50:00,0.037523087,0.060251687,0.0227286,0,0,0
2023-01-23T18:00:00,0.038438566,0.06025055,0.021811984,0,0,0
2023-01-23T18:10:00,0.03860923,0.06025069,0.02164146,0,0,0
2023-01-23T18:20:00,0.04100432,0.0602508,0.019246481,0,0,0
2023-01-23T18:30:00,0.04134196,0.060251366,0.018909406,0,0,0
2023-01-23T18:40:00,0.04008327,0.060251147,0.020167876,0,0,0
2023-01-23T18:50:00,0.038689297,0.060250454,0.021561157,0,0,0
2023-01-23T19:00:00,0.03722711,0.06025047,0.02302336,0,0,0
2023-01-23T19:10:00,0.03584855,0.06025055,0.024402,0,0,0
2023-01-23T19:20:00,0.034780294,0.060250565,0.025470272,0,0,0
2023-01-23T19:30:00,0.03493508,0.060250524,0.025315445,0,0,0
2023-01-23T19:40:00,0.03481927,0.060250815,0.025431544,0,0,0
2023-01-23T19:50:00,0.037298273,0.060250107,0.022951834,0,0,0
2023-01-23T20:00:00,0.023450417,0.060251605,0.03680119,0,0,0
2023-01-23T20:10:00,0.025031002,0.06025188,0.035220876,0,0,0
2023-01-23T20:20:00,0.02588047,0.060251914,0.034371443,0,0,0
2023-01-23T20:30:00,0.02691155,0.060251743,0.033340193,0,0,0
2023-01-23T20:40:00,0.025104146,0.06025193,0.035147782,0,0,0
2023-01-23T20:50:00,0.025614765,0.06025163,0.034636866,0,0,0
2023-01-23T21:00:00,0.023756599,0.06025193,0.036495328,0,0,0
2023-01-23T21:10:00,0.022455206,0.060250945,0.037795737,0,0,0
2023-01-23T21:20:00,0.022005375,0.06025069,0.038245313,0,0,0
2023-01-23T21:30:00,0.022230186,0.060250826,0.03802064,0,0,0
2023-01-23T21:40:00,0.022504643,0.060250286,0.037745643,0,0,0
2023-01-23T21:50:00,0.023140429,0.060250577,0.03711015,0,0,0
2023-01-23T22:00:00,0.02564742,0.0602508,0.03460338,0,0,0
2023-01-23T22:10:00,0.026558949,0.06025038,0.03369143,0,0,0
2023-01-23T22:20:00,0.027416546,0.06025055,0.032834005,0,0,0
2023-01-23T22:30:00,0.027680134,0.060250454,0.032570317,0,0,0
2023-01-23T22:40:00,0.026651653,0.060250875,0.03359922,0,0,0
2023-01-23T22:50:00,0.0266354,0.06025035,0.03361495,0,0,0
2023-01-23T23:00:00,0.024966048,0.06025001,0.03528396,0,0,0
2023-01-23T23:10:00,0.02421254,0.060249597,0.036037058,0,0,0
2023-01-23T23:20:00,0.023676326,0.060250323,0.036574,0,0,0
2023-01-23T23:30:00,0.023815487,0.060249913,0.036434427,0,0,0
2023-01-23T23:40:00,0.02471687,0.060250334,0.035533465,0,0,0
2023-01-23T23:50:00,0.026144348,0.060249995,0.034105647,0,0,0
2023-01-24T00:00:00,0.026907632,0.060249794,0.03334216,0,0,0
2023-01-24T00:10:00,0.029139495,0.060249794,0.0311103,0,0,0
2023-01-24T00:20:00,0.030301007,0.060250137,0.02994913,0,0,0
2023-01-24T00:30:00,0.030611053,0.06025022,0.029639166,0,0,0
2023-01-24T00:40:00,0.029055804,0.060249552,0.031193748,0,0,0
2023-01-24T00:50:00,0.027409242,0.06025005,0.03284081,0,0,0
2023-01-24T01:00:00,0.026690524,0.06024965,0.033559125,0,0,0
2023-01-24T01:10:00,0.0257205,0.0602493,0.0345288,0,0,0
2023-01-24T01:20:00,0.02486397,0.060249373,0.035385404,0,0,0
2023-01-24T01:30:00,0.025278054,0.060249366,0.03497131,0,0,0
2023-01-24T01:40:00,0.026318988,0.06024934,0.033930354,0,0,0
2023-01-24T01:50:00,0.027403435,0.060249366,0.03284593,0,0,0
2023-01-24T02:00:00,0.029491669,0.06024897,0.030757302,0,0,0
2023-01-24T02:10:00,0.029886568,0.06024896,0.030362392,0,0,0
2023-01-24T02:20:00,0.03204698,0.060248557,0.028201576,0,0,0
2023-01-24T02:30:00,0.031822514,0.060249284,0.02842677,0,0,0
2023-01-24T02:40:00,0.031020239,0.06024943,0.02922919,0,0,0
2023-01-24T02:50:00,0.02956503,0.06024914,0.030684108,0,0,0
2023-01-24T03:00:00,0.02872915,0.060249154,0.03152,0,0,0
2023-01-24T03:10:00,0.028265316,0.060249373,0.031984057,0,0,0
2023-01-24T03:20:00,0.027565092,0.060249,0.03268391,0,0,0
2023-01-24T03:30:00,0.02677713,0.060248625,0.033471495,0,0,0
2023-01-24T03:40:00,0.027392006,0.060248703,0.032856695,0,0,0
2023-01-24T03:50:00,0.029136274,0.0602493,0.031113025,0,0,0
2023-01-24T04:00:00,0.031409174,0.06024896,0.028839786,0,0,0
2023-01-24T04:10:00,0.03214422,0.060249366,0.028105147,0,0,0
2023-01-24T04:20:00,0.03282156,0.06024897,0.027427413,0,0,0
2023-01-24T04:30:00,0.034444556,0.0602488,0.025804244,0,0,0
2023-01-24T04:40:00,0.032611016,0.060248986,0.02763797,0,0,0
2023-01-24T04:50:00,0.03183565,0.060249154,0.028413504,0,0,0
2023-01-24T05:00:00,0.029569918,0.060248613,0.030678695,0,0,0
2023-01-24T05:10:00,0.02829469,0.060249366,0.031954676,0,0,0
2023-01-24T05:20:00,0.027871503,0.0602495,0.032377996,0,0,0
2023-01-24T05:30:00,0.027269723,0.0602495,0.03297978,0,0,0
2023-01-24T05:40:00,0.02865212,0.0602493,0.03159718,0,0,0
2023-01-24T05:50:00,0.029289005,0.06024947,0.030960465,0,0,0
2023-01-24T06:00:00,0.031696558,0.060249284,0.028552726,0,0,0
2023-01-24T06:10:00,0.033242226,0.060249638,0.027007412,0,0,0
2023-01-24T06:20:00,0.03296257,0.060249154,0.027286582,0,0,0
2023-01-24T06:30:00,0.033322684,0.0602495,0.026926816,0,0,0
2023-01-24T06:40:00,0.032250162,0.060249608,0.027999446,0,0,0
2023-01-24T06:50:00,0.03129902,0.060249243,0.028950222,0,0,0
2023-01-24T07:00:00,0.02993165,0.06024965,0.030318,0,0,0
2023-01-24T07:10:00,0.029240908,0.06025001,0.031009102,0,0,0
2023-01-24T07:20:00,0.027975136,0.060249906,0.032274768,0,0,0
2023-01-24T07:30:00,0.027161593,0.060249366,0.033087775,0,0,0
2023-01-24T07:40:00,0.02852379,0.060250495,0.031726703,0,0,0
2023-01-24T07:50:00,0.029084023,0.06025039,0.031166367,0,0,0
2023-01-24T08:00:00,0.049202137,0.06024826,0.011046123,0,0,0
2023-01-24T08:10:00,0.052748226,0.060248274,0.0075000487,0,0,0
2023-01-24T08:20:00,0.05290627,0.06024842,0.0073421486,0,0,0
2023-01-24T08:30:00,0.054999415,0.06024842,0.005249005,0,0,0
2023-01-24T08:40:00,0.051595,0.0602481,0.008653101,0,0,0
2023-01-24T08:50:00,0.047829553,0.060248114,0.012418561,0,0,0
2023-01-24T09:00:00,0.04596921,0.060248613,0.014279403,0,0,0
2023-01-24T09:10:00,0.044356223,0.060248557,0.015892334,0,0,0
2023-01-24T09:20:00,0.043833084,0.060249366,0.016416281,0,0,0
2023-01-24T09:30:00,0.042601503,0.060248654,0.01764715,0,0,0
2023-01-24T09:40:00,0.04385801,0.060249068,0.016391058,0,0,0
2023-01-24T09:50:00,0.04387005,0.060248915,0.016378865,0,0,0
2023-01-24T10:00:00,0.048069492,0.060249195,0.0121797025,0,0,0
2023-01-24T10:10:00,0.04940742,0.06024873,0.01084131,0,0,0
2023-01-24T10:20:00,0.049611025,0.060249284,0.010638259,0,0,0
2023-01-24T10:30:00,0.051017385,0.0602495,0.009232115,0,0,0
2023-01-24T10:40:00,0.04827035,0.06024947,0.011979122,0,0,0
2023-01-24T10:50:00,0.045982637,0.0602495,0.014266863,0,0,0
2023-01-24T11:00:00,0.03428917,0.060250673,0.025961503,0,0,0
2023-01-24T11:10:00,0.033461273,0.06025123,0.026789956,0,0,0
2023-01-24T11:20:00,0.030327862,0.060250662,0.0299228,0,0,0
2023-01-24T11:30:00,0.030903222,0.06025127,0.029348047,0,0,0
2023-01-24T11:40:00,0.031395327,0.0602515,0.028856173,0,0,0
2023-01-24T11:50:00,0.03180573,0.060251728,0.028445996,0,0,0
2023-01-24T12:00:00,0.034644805,0.060251754,0.025606949,0,0,0
2023-01-24T12:10:00,0.035690077,0.06025204,0.024561964,0,0,0
2023-01-24T12:20:00,0.035863023,0.060252212,0.024389189,0,0,0
2023-01-24T12:30:00,0.036199097,0.060251076,0.02405198,0,0,0
2023-01-24T12:40:00,0.03473213,0.060251907,0.025519777,0,0,0
2023-01-24T12:50:00,0.0323114,0.06025197,0.027940571,0,0,0
2023-01-24T13:00:00,0.03130219,0.06025177,0.028949577,0,0,0
2023-01-24T13:10:00,0.0292234,0.06025285,0.03102945,0,0,0
2023-01-24T13:20:00,0.029092811,0.060252365,0.031159554,0,0,0
2023-01-24T13:30:00,0.028363196,0.0602521,0.031888902,0,0,0
2023-01-24T13:40:00,0.029177722,0.06025239,0.03107467,0,0,0
2023-01-24T13:50:00,0.0299918,0.06025247,0.030260669,0,0,0
2023-01-24T14:00:00,0.031590626,0.06025247,0.028661843,0,0,0
2023-01-24T14:10:00,0.032577652,0.06025251,0.027674858,0,0,0
2023-01-24T14:20:00,0.034330606,0.060252253,0.025921647,0,0,0
2023-01-24T14:30:00,0.033688013,0.060252726,0.026564714,0,0,0
2023-01-24T14:40:00,0.03220487,0.06025238,0.02804751,0,0,0
2023-01-24T14:50:00,0.030785633,0.06025268,0.029467048,0,0,0
2023-01-24T15:00:00,0.029427372,0.060252484,0.030825112,0,0,0
2023-01-24T15:10:00,0.028415836,0.060252737,0.0318369,0,0,0
2023-01-24T15:20:00,0.027334603,0.06025288,0.032918274,0,0,0
2023-01-24T15:30:00,0.02609209,0.06025293,0.03416084,0,0,0
2023-01-24T15:40:00,0.027366374,0.060253065,0.03288669,0,0,0
2023-01-24T15:50:00,0.029416597,0.06025263,0.030836033,0,0,0
2023-01-24T16:00:00,0.029772514,0.06025288,0.030480364,0,0,0
2023-01-24T16:10:00,0.03155241,0.060252525,0.028700113,0,0,0
2023-01-24T16:20:00,0.03226222,0.06025255,0.02799033,0,0,0
2023-01-24T16:30:00,0.03280809,0.060252696,0.027444605,0,0,0
2023-01-24T16:40:00,0.03105526,0.06025271,0.02919745,0,0,0
2023-01-24T16:50:00,0.030543067,0.06025314,0.029710073,0,0,0
2023-01-24T17:00:00,0.038358916,0.06025239,0.021893475,0,0,0
2023-01-24T17:10:00,0.03451755,0.06025231,0.02573476,0,0,0
2023-01-24T17:20:00,0.033949215,0.060251955,0.02630274,0,0,0
2023-01-24T17:30:00,0.034365006,0.060251907,0.0258869,0,0,0
2023-01-24T17:40:00,0.03558693,0.06025197,0.024665039,0,0,0
2023-01-24T17:50:00,0.0375116,0.06025163,0.022740033,0,0,0
2023-01-24T18:00:00,0.03932527,0.06025209,0.020926818,0,0,0
2023-01-24T18:10:00,0.041107044,0.06025116,0.019144118,0,0,0
2023-01-24T18:20:00,0.040290616,0.06025093,0.019960314,0,0,0
2023-01-24T18:30:00,0.04211903,0.060250673,0.018131644,0,0,0
2023-01-24T18:40:00,0.040359702,0.06025102,0.019891318,0,0,0
2023-01-24T18:50:00,0.038304612,0.060250662,0.02194605,0,0,0
2023-01-24T19:00:00,0.035898264,0.060251202,0.024352938,0,0,0
2023-01-24T19:10:00,0.03619256,0.06025097,0.024058413,0,0,0
2023-01-24T19:20:00,0.033138577,0.06025096,0.027112383,0,0,0
2023-01-24T19:30:00,0.034323834,0.060250606,0.025926773,0,0,0
2023-01-24T19:40:00,0.03550726,0.060250606,0.024743345,0,0,0
2023-01-24T19:50:00,0.03703065,0.060250036,0.023219388,0,0,0
2023-01-24T20:00:00,0.024228757,0.06025234,0.03602358,0,0,0
2023-01-24T20:10:00,0.024993427,0.060252212,0.035258785,0,0,0
2023-01-24T20:20:00,0.025469331,0.060251743,0.03478241,0,0,0
2023-01-24T20:30:00,0.026103225,0.06025134,0.034148116,0,0,0
2023-01-24T20:40:00,0.025452387,0.060251914,0.034799527,0,0,0
2023-01-24T20:50:00,0.024846591,0.060251605,0.035405014,0,0,0
2023-01-24T21:00:00,0.022721535,0.06025163,0.037530094,0,0,0
2023-01-24T21:10:00,0.022589626,0.060251687,0.03766206,0,0,0
2023-01-24T21:20:00,0.022158518,0.06025131,0.038092792,0,0,0
2023-01-24T21:30:00,0.021877732,0.060251534,0.0383738,0,0,0
2023-01-24T21:40:00,0.022378406,0.06025167,0.037873268,0,0,0
2023-01-24T21:50:00,0.023752935,0.060251445,0.03649851,0,0,0
2023-01-24T22:00:00,0.025527148,0.06025102,0.03472387,0,0,0
2023-01-24T22:10:00,0.026482267,0.06025098,0.033768713,0,0,0
2023-01-24T22:20:00,0.027484844,0.060250495,0.03276565,0,0,0
2023-01-24T22:30:00,0.026536703,0.0602503,0.033713598,0,0,0
2023-01-24T22:40:00,0.02753527,0.06025039,0.03271512,0,0,0
2023-01-24T22:50:00,0.026567638,0.060250785,0.033683147,0,0,0
2023-01-24T23:00:00,0.024381518,0.06025055,0.035869032,0,0,0
2023-01-24T23:10:00,0.024331827,0.06025044,0.035918612,0,0,0
2023-01-24T23:20:00,0.02292115,0.06025019,0.03732904,0,0,0
2023-01-24T23:30:00,0.023548901,0.06025019,0.036701288,0,0,0
2023-01-24T23:40:00,0.023923865,0.060250066,0.0363262,0,0,0
2023-01-24T23:50:00,0.024710964,0.060249913,0.03553895,0,0,0
2023-01-25T00:00:00,0.02722034,0.060250286,0.033029944,0,0,0
2023-01-25T00:10:00,0.02836897,0.06024988,0.031880908,0,0,0
2023-01-25T00:20:00,0.029940564,0.060249485,0.03030892,0,0,0
2023-01-25T00:30:00,0.030187005,0.060249984,0.03006298,0,0,0
2023-01-25T00:40:00,0.029255455,0.06024934,0.030993884,0,0,0
2023-01-25T00:50:00,0.02836469,0.060249444,0.031884752,0,0,0
2023-01-25T01:00:00,0.02720947,0.060249746,0.033040278,0,0,0
2023-01-25T01:10:00,0.026053492,0.06025019,0.034196697,0,0,0
2023-01-25T01:20:00,0.025968775,0.060249366,0.03428059,0,0,0
2023-01-25T01:30:00,0.025788188,0.06024943,0.03446124,0,0,0
2023-01-25T01:40:00,0.02656812,0.060249608,0.03368149,0,0,0
2023-01-25T01:50:00,0.027426992,0.060249284,0.032822292,0,0,0
2023-01-25T02:00:00,0.029777763,0.060249526,0.030471763,0,0,0
2023-01-25T02:10:00,0.03036035,0.060249154,0.029888803,0,0,0
2023-01-25T02:20:00,0.031297643,0.060249597,0.028951954,0,0,0
2023-01-25T02:30:00,0.033075202,0.060249284,0.027174082,0,0,0
2023-01-25T02:40:00,0.031775128,0.06024931,0.028474182,0,0,0
2023-01-25T02:50:00,0.0294993,0.060249694,0.030750394,0,0,0
2023-01-25T03:00:00,0.028943406,0.0602493,0.031305894,0,0,0
2023-01-25T03:10:00,0.02798667,0.06024939,0.03226272,0,0,0
2023-01-25T03:20:00,0.027359912,0.060249623,0.03288971,0,0,0
2023-01-25T03:30:00,0.48831093,0.060250066,0.42806086,0,0,0
2023-01-25T03:40:00,0.051486757,0.060249414,0.008762658,0,0,0
2023-01-25T03:50:00,0.048171315,0.060249098,0.012077782,0,0,0
2023-01-25T04:00:00,0.04560492,0.06024897,0.014644053,0,0,0
2023-01-25T04:10:00,0.042804763,0.06024934,0.017444577,0,0,0
2023-01-25T04:20:00,0.039104994,0.0602495,0.021144506,0,0,0
2023-01-25T04:30:00,0.03629999,0.060249284,0.023949295,0,0,0
2023-01-25T04:40:00,0.03256506,0.060249552,0.027684491,0,0,0
2023-01-25T04:50:00,0.0318987,0.060249567,0.028350867,0,0,0
2023-01-25T05:00:00,0.029785544,0.060250234,0.03046469,0,0,0
2023-01-25T05:10:00,0.028274193,0.060249623,0.03197543,0,0,0
2023-01-25T05:20:00,0.027949762,0.060249906,0.032300144,0,0,0
2023-01-25T05:30:00,0.028107503,0.060249373,0.03214187,0,0,0
2023-01-25T05:40:00,0.028346734,0.060249444,0.031902708,0,0,0
2023-01-25T05:50:00,0.030165246,0.060249735,0.030084489,0,0,0
2023-01-25T06:00:00,0.030541833,0.060249694,0.02970786,0,0,0
2023-01-25T06:10:00,0.032510072,0.060249284,0.027739212,0,0,0
2023-01-25T06:20:00,0.033455107,0.060249124,0.026794016,0,0,0
2023-01-25T06:30:00,0.03360216,0.06024954,0.026647381,0,0,0
2023-01-25T06:40:00,0.03271579,0.060249366,0.027533576,0,0,0
2023-01-25T06:50:00,0.031704668,0.060249783,0.028545115,0,0,0
2023-01-25T07:00:00,0.030361189,0.060250234,0.029889045,0,0,0
2023-01-25T07:10:00,0.028038325,0.060250092,0.032211766,0,0,0
2023-01-25T07:20:00,0.027435487,0.060250066,0.032814577,0,0,0
2023-01-25T07:30:00,0.027809361,0.06024988,0.03244052,0,0,0
2023-01-25T07:40:00,0.028653746,0.060250744,0.031596996,0,0,0
2023-01-25T07:50:00,0.029096924,0.06025047,0.031153545,0,0,0
2023-01-25T08:00:00,0.049221605,0.06024877,0.011027165,0,0,0
2023-01-25T08:10:00,0.052431915,0.060248714,0.007816799,0,0,0
2023-01-25T08:20:00,0.053303216,0.060248848,0.0069456324,0,0,0
2023-01-25T08:30:00,0.051768612,0.060248826,0.008480214,0,0,0
2023-01-25T08:40:00,0.05063537,0.06024904,0.00961367,0,0,0
2023-01-25T08:50:00,0.049219254,0.0602488,0.011029545,0,0,0
2023-01-25T09:00:00,0.047106106,0.060248308,0.013142202,0,0,0
2023-01-25T09:10:00,0.045591563,0.060248613,0.01465705,0,0,0
2023-01-25T09:20:00,0.04303842,0.06024893,0.01721051,0,0,0
2023-01-25T09:30:00,0.043738563,0.060249012,0.01651045,0,0,0
2023-01-25T09:40:00,0.04299267,0.0602493,0.017256629,0,0,0
2023-01-25T09:50:00,0.04710408,0.06024889,0.01314481,0,0,0
2023-01-25T10:00:00,0.047736302,0.060248904,0.012512602,0,0,0
2023-01-25T10:10:00,0.0511916,0.06024904,0.009057444,0,0,0
2023-01-25T10:20:00,0.051042825,0.060249906,0.009207081,0,0,0
2023-01-25T10:30:00,0.050059058,0.060249746,0.010190688,0,0,0
2023-01-25T10:40:00,0.04881353,0.060249694,0.011436164,0,0,0
2023-01-25T10:50:00,0.047321267,0.06024988,0.0129286125,0,0,0
2023-01-25T11:00:00,0.033482037,0.06025051,0.026768472,0,0,0
2023-01-25T11:10:00,0.032520164,0.06025127,0.027731106,0,0,0
2023-01-25T11:20:00,0.031434715,0.060251147,0.028816432,0,0,0
2023-01-25T11:30:00,0.02986905,0.06025134,0.03038229,0,0,0
2023-01-25T11:40:00,0.03132383,0.06025163,0.0289278,0,0,0
2023-01-25T11:50:00,0.03278491,0.060251445,0.027466536,0,0,0
2023-01-25T12:00:00,0.033596184,0.060251743,0.026655558,0,0,0
2023-01-25T12:10:00,0.034273814,0.060251687,0.025977872,0,0,0
2023-01-25T12:20:00,0.03680485,0.06025155,0.023446698,0,0,0
2023-01-25T12:30:00,0.035233434,0.060251907,0.025018472,0,0,0
2023-01-25T12:40:00,0.034673102,0.060252156,0.025579054,0,0,0
2023-01-25T12:50:00,0.034027956,0.060251955,0.026223999,0,0,0
2023-01-25T13:00:00,0.031390637,0.06025209,0.028861452,0,0,0
2023-01-25T13:10:00,0.030031562,0.06025271,0.03022115,0,0,0
2023-01-25T13:20:00,0.0289438,0.06025268,0.031308882,0,0,0
2023-01-25T13:30:00,0.02810369,0.060252197,0.032148506,0,0,0
2023-01-25T13:40:00,0.030056192,0.060253236,0.030197045,0,0,0
2023-01-25T13:50:00,0.030398345,0.060252447,0.029854102,0,0,0
2023-01-25T14:00:00,0.031410728,0.060252525,0.028841797,0,0,0
2023-01-25T14:10:00,0.033573642,0.060252808,0.026679166,0,0,0
2023-01-25T14:20:00,0.03465502,0.060252197,0.025597177,0,0,0
2023-01-25T14:30:00,0.034279995,0.060252696,0.025972702,0,0,0
2023-01-25T14:40:00,0.03201029,0.060252767,0.028242476,0,0,0
2023-01-25T14:50:00,0.031369142,0.06025296,0.028883819,0,0,0
2023-01-25T15:00:00,0.028795566,0.06025318,0.031457614,0,0,0
2023-01-25T15:10:00,0.028139021,0.06025288,0.032113858,0,0,0
2023-01-25T15:20:00,0.027517362,0.060252994,0.03273563,0,0,0
2023-01-25T15:30:00,0.02730952,0.060252737,0.03294322,0,0,0
2023-01-25T15:40:00,0.02850988,0.060253605,0.031743728,0,0,0
2023-01-25T15:50:00,0.02927772,0.060253363,0.030975644,0,0,0
2023-01-25T16:00:00,0.030302577,0.06024067,0.029938094,0,0,0
2023-01-25T16:10:00,0.030630752,0.06023692,0.029606167,0,0,0
2023-01-25T16:20:00,0.03216238,0.060234338,0.028071959,0,0,0
2023-01-25T16:30:00,0.033099975,0.06023336,0.027133383,0,0,0
2023-01-25T16:40:00,0.031089842,0.060234394,0.029144552,0,0,0
2023-01-25T16:50:00,0.029527783,0.060236014,0.030708231,0,0,0
2023-01-25T17:00:00,0.03641793,0.06024814,0.023830209,0,0,0
2023-01-25T17:10:00,0.035015147,0.06024985,0.025234703,0,0,0
2023-01-25T17:20:00,0.03386352,0.06025039,0.026386872,0,0,0
2023-01-25T17:30:00,0.035454523,0.06025155,0.024797026,0,0,0
2023-01-25T17:40:00,0.034221277,0.060251284,0.026030008,0,0,0
2023-01-25T17:50:00,0.03585352,0.06025163,0.02439811,0,0,0
2023-01-25T18:00:00,0.039721698,0.06025163,0.020529933,0,0,0
2023-01-25T18:10:00,0.040346097,0.06025126,0.019905161,0,0,0
2023-01-25T18:20:00,0.04169279,0.06025093,0.01855814,0,0,0
2023-01-25T18:30:00,0.03975553,0.060251035,0.020495504,0,0,0
2023-01-25T18:40:00,0.03932803,0.060251605,0.020923574,0,0,0
2023-01-25T18:50:00,0.03763108,0.06025143,0.02262035,0,0,0
2023-01-25T19:00:00,0.037458226,0.060251415,0.022793189,0,0,0
2023-01-25T19:10:00,0.034665264,0.060250945,0.025585681,0,0,0
2023-01-25T19:20:00,0.035371654,0.060251117,0.024879463,0,0,0
2023-01-25T19:30:00,0.034435745,0.060250904,0.02581516,0,0,0
2023-01-25T19:40:00,0.03575796,0.06025072,0.02449276,0,0,0
2023-01-25T19:50:00,0.038217094,0.060250662,0.022033568,0,0,0
2023-01-25T20:00:00,0.02409652,0.06025239,0.036155872,0,0,0
2023-01-25T20:10:00,0.024930147,0.060251657,0.03532151,0,0,0
2023-01-25T20:20:00,0.026086261,0.06025205,0.034165792,0,0,0
2023-01-25T20:30:00,0.026402084,0.06025209,0.033850007,0,0,0
2023-01-25T20:40:00,0.025679087,0.060251955,0.03457287,0,0,0
2023-01-25T20:50:00,0.02487378,0.06025184,0.03537806,0,0,0
2023-01-25T21:00:00,0.023274316,0.060251743,0.036977425,0,0,0
2023-01-25T21:10:00,0.023015281,0.060251355,0.037236072,0,0,0
2023-01-25T21:20:00,0.02192578,0.060251076,0.038325295,0,0,0
2023-01-25T21:30:00,0.02253219,0.060251657,0.037719466,0,0,0
2023-01-25T21:40:00,0.022730311,0.06025105,0.037520736,0,0,0
2023-01-25T21:50:00,0.02377768,0.060251243,0.036473565,0,0,0
2023-01-25T22:00:00,0.025588298,0.06025098,0.03466268,0,0,0
2023-01-25T22:10:00,0.026128368,0.06025098,0.03412261,0,0,0
2023-01-25T22:20:00,0.027124818,0.0602508,0.03312598,0,0,0
2023-01-25T22:30:00,0.02798129,0.060250577,0.032269284,0,0,0
2023-01-25T22:40:00,0.027278377,0.060250826,0.032972448,0,0,0
2023-01-25T22:50:00,0.026287273,0.06025043,0.03396316,0,0,0
2023-01-25T23:00:00,0.024935314,0.06025015,0.035314836,0,0,0
2023-01-25T23:10:00,0.024180554,0.060250275,0.03606972,0,0,0
2023-01-25T23:20:00,0.024041485,0.060250875,0.03620939,0,0,0
2023-01-25T23:30:00,0.023140442,0.060250577,0.037110135,0,0,0
2023-01-25T23:40:00,0.024058446,0.06025096,0.036192514,0,0,0
2023-01-25T23:50:00,0.02560591,0.06025039,0.03464448,0,0,0
2023-01-26T00:00:00,0.027660774,0.060250122,0.032589346,0,0,0
2023-01-26T00:10:00,0.028307414,0.060250673,0.03194326,0,0,0
2023-01-26T00:20:00,0.029202968,0.06024977,0.0310468,0,0,0
2023-01-26T00:30:00,0.03071738,0.060250178,0.029532798,0,0,0
2023-01-26T00:40:00,0.028850095,0.06025015,0.031400055,0,0,0
2023-01-26T00:50:00,0.027836185,0.06024988,0.032413695,0,0,0
2023-01-26T01:00:00,0.027211986,0.060250577,0.03303859,0,0,0
2023-01-26T01:10:00,0.02622393,0.060249794,0.034025863,0,0,0
2023-01-26T01:20:00,0.02536376,0.060249206,0.034885444,0,0,0
2023-01-26T01:30:00,0.026608111,0.060249638,0.033641525,0,0,0
2023-01-26T01:40:00,0.02643693,0.06024918,0.033812247,0,0,0
2023-01-26T01:50:00,0.02795691,0.060249597,0.032292686,0,0,0
2023-01-26T02:00:00,0.029173294,0.0602495,0.031076206,0,0,0
2023-01-26T02:10:00,0.029814262,0.06024951,0.03043525,0,0,0
2023-01-26T02:20:00,0.032158263,0.060250036,0.028091773,0,0,0
2023-01-26T02:30:00,0.03189086,0.06024935,0.02835849,0,0,0
2023-01-26T02:40:00,0.030806286,0.060249526,0.02944324,0,0,0
2023-01-26T02:50:00,0.03018202,0.06024968,0.030067658,0,0,0
2023-01-26T03:00:00,0.029301774,0.060249526,0.030947752,0,0,0
2023-01-26T03:10:00,0.02747276,0.06024989,0.03277713,0,0,0
2023-01-26T03:20:00,0.027078332,0.060249567,0.033171237,0,0,0
2023-01-26T03:30:00,0.026980918,0.06024934,0.033268422,0,0,0
2023-01-26T03:40:00,0.027500648,0.06024934,0.03274869,0,0,0
2023-01-26T03:50:00,0.029077899,0.060249373,0.031171475,0,0,0
2023-01-26T04:00:00,0.03023217,0.060248848,0.030016677,0,0,0
2023-01-26T04:10:00,0.032559022,0.060249195,0.027690172,0,0,0
2023-01-26T04:20:00,0.03195362,0.060249206,0.028295584,0,0,0
2023-01-26T04:30:00,0.03232774,0.060248666,0.027920924,0,0,0
2023-01-26T04:40:00,0.03256814,0.060249526,0.027681384,0,0,0
2023-01-26T04:50:00,0.030865964,0.060249366,0.029383402,0,0,0
2023-01-26T05:00:00,0.02893429,0.060249444,0.031315155,0,0,0
2023-01-26T05:10:00,0.029013725,0.060249414,0.03123569,0,0,0
2023-01-26T05:20:00,0.02748849,0.060249865,0.032761373,0,0,0
2023-01-26T05:30:00,0.027140878,0.060249664,0.033108786,0,0,0
2023-01-26T05:40:00,0.02855925,0.060249582,0.03169033,0,0,0
2023-01-26T05:50:00,0.030005123,0.060249608,0.030244485,0,0,0
2023-01-26T06:00:00,0.03093366,0.060249012,0.029315352,0,0,0
2023-01-26T06:10:00,0.032105464,0.060250204,0.02814474,0,0,0
2023-01-26T06:20:00,0.03300201,0.06025026,0.027248248,0,0,0
2023-01-26T06:30:00,0.033528548,0.060249954,0.026721407,0,0,0
2023-01-26T06:40:00,0.032733925,0.06025043,0.027516507,0,0,0
2023-01-26T06:50:00,0.0318655,0.060250815,0.028385315,0,0,0
2023-01-26T07:00:00,0.029576454,0.060250245,0.03067379,0,0,0
2023-01-26T07:10:00,0.028614823,0.06025055,0.031635728,0,0,0
2023-01-26T07:20:00,0.027442707,0.060249794,0.03280709,0,0,0
2023-01-26T07:30:00,0.027837824,0.060250122,0.032412298,0,0,0
2023-01-26T07:40:00,0.027254673,0.06024972,0.032995045,0,0,0
2023-01-26T07:50:00,0.029065063,0.06025038,0.031185316,0,0,0
2023-01-26T08:00:00,0.051150806,0.060248904,0.009098098,0,0,0
2023-01-26T08:10:00,0.052468535,0.060248584,0.007780049,0,0,0
2023-01-26T08:20:00,0.054352917,0.060248666,0.0058957487,0,0,0
2023-01-26T08:30:00,0.05288653,0.060249235,0.0073627047,0,0,0
2023-01-26T08:40:00,0.050806943,0.060248915,0.009441972,0,0,0
2023-01-26T08:50:00,0.048750497,0.06024877,0.011498272,0,0,0
2023-01-26T09:00:00,0.046598136,0.0602495,0.013651364,0,0,0
2023-01-26T09:10:00,0.04445899,0.060249012,0.015790023,0,0,0
2023-01-26T09:20:00,0.042853624,0.060248666,0.017395042,0,0,0
2023-01-26T09:30:00,0.0429973,0.060248826,0.017251525,0,0,0
2023-01-26T09:40:00,0.043041665,0.06024968,0.017208014,0,0,0
2023-01-26T09:50:00,0.04581343,0.060249206,0.014435776,0,0,0
2023-01-26T10:00:00,0.047535606,0.060249638,0.012714032,0,0,0
2023-01-26T10:10:00,0.049391776,0.060249705,0.010857929,0,0,0
2023-01-26T10:20:00,0.051846232,0.060249608,0.008403376,0,0,0
2023-01-26T10:30:00,0.049179733,0.060249414,0.0110696815,0,0,0
2023-01-26T10:40:00,0.04767036,0.06024943,0.012579069,0,0,0
2023-01-26T10:50:00,0.046895128,0.060250204,0.013355076,0,0,0
2023-01-26T11:00:00,0.033487763,0.06025096,0.026763197,0,0,0
2023-01-26T11:10:00,0.03274337,0.060251366,0.027507998,0,0,0
2023-01-26T11:20:00,0.031557165,0.06025084,0.028693676,0,0,0
2023-01-26T11:30:00,0.031595226,0.060251202,0.028655976,0,0,0
2023-01-26T11:40:00,0.03222886,0.06025163,0.02802277,0,0,0
2023-01-26T11:50:00,0.03301284,0.06025163,0.02723879,0,0,0
2023-01-26T12:00:00,0.033988755,0.060252253,0.026263498,0,0,0
2023-01-26T12:10:00,0.035174202,0.06025193,0.025077727,0,0,0
2023-01-26T12:20:00,0.03581655,0.060251825,0.024435274,0,0,0
2023-01-26T12:30:00,0.0365576,0.06025181,0.02369421,0,0,0
2023-01-26T12:40:00,0.034043297,0.06025188,0.026208583,0,0,0
2023-01-26T12:50:00,0.034236535,0.060251825,0.02601529,0,0,0
2023-01-26T13:00:00,0.031391796,0.06025206,0.028860264,0,0,0
2023-01-26T13:10:00,0.030211845,0.06025217,0.030040326,0,0,0
2023-01-26T13:20:00,0.029388435,0.06025247,0.030864034,0,0,0
2023-01-26T13:30:00,0.028791098,0.060252823,0.031461723,0,0,0
2023-01-26T13:40:00,0.028813373,0.06025242,0.031439047,0,0,0
2023-01-26T13:50:00,0.030063458,0.06025251,0.030189052,0,0,0
2023-01-26T14:00:00,0.030777952,0.06025342,0.029475467,0,0,0
2023-01-26T14:10:00,0.03290525,0.060253322,0.027348071,0,0,0
2023-01-26T14:20:00,0.03478885,0.06025301,0.025464159,0,0,0
2023-01-26T14:30:00,0.03342704,0.060252752,0.026825711,0,0,0
2023-01-26T14:40:00,0.031908654,0.060252655,0.028344002,0,0,0
2023-01-26T14:50:00,0.031359483,0.060252525,0.028893042,0,0,0
2023-01-26T15:00:00,0.029697087,0.060253065,0.030555978,0,0,0
2023-01-26T15:10:00,0.02866385,0.060252767,0.03158892,0,0,0
2023-01-26T15:20:00,0.027547592,0.06025301,0.03270542,0,0,0
2023-01-26T15:30:00,0.027252523,0.060252767,0.033000246,0,0,0
2023-01-26T15:40:00,0.028442005,0.060252767,0.03181076,0,0,0
2023-01-26T15:50:00,0.02852806,0.060252767,0.031724706,0,0,0
2023-01-26T16:00:00,0.030054163,0.060253035,0.030198872,0,0,0
2023-01-26T16:10:00,0.030915227,0.06025322,0.029337995,0,0,0
2023-01-26T16:20:00,0.032930177,0.06025293,0.027322754,0,0,0
2023-01-26T16:30:00,0.03221441,0.06025305,0.02803864,0,0,0
2023-01-26T16:40:00,0.0317049,0.060252365,0.028547466,0,0,0
2023-01-26T16:50:00,0.030115984,0.060252197,0.030136213,0,0,0
2023-01-26T17:00:00,0.03600914,0.060251754,0.024242613,0,0,0
2023-01-26T17:10:00,0.035372287,0.060252156,0.02487987,0,0,0
2023-01-26T17:20:00,0.034680948,0.060251914,0.025570966,0,0,0
2023-01-26T17:30:00,0.0341175,0.06025163,0.02613413,0,0,0
2023-01-26T17:40:00,0.034702852,0.060251657,0.025548805,0,0,0
2023-01-26T17:50:00,0.036491856,0.0602518,0.023759943,0,0,0
2023-01-26T18:00:00,0.037792366,0.060251866,0.0224595,0,0,0
2023-01-26T18:10:00,0.040364336,0.06025163,0.019887295,0,0,0
2023-01-26T18:20:00,0.04102779,0.060252365,0.019224573,0,0,0
2023-01-26T18:30:00,0.041035984,0.060251284,0.0192153,0,0,0
2023-01-26T18:40:00,0.040217202,0.06025123,0.020034026,0,0,0
2023-01-26T18:50:00,0.038360357,0.0602513,0.021890942,0,0,0
2023-01-26T19:00:00,0.03722555,0.06025147,0.023025922,0,0,0
2023-01-26T19:10:00,0.035391983,0.060251147,0.024859164,0,0,0
2023-01-26T19:20:00,0.035407532,0.0602508,0.024843268,0,0,0
2023-01-26T19:30:00,0.034802467,0.060250364,0.025447898,0,0,0
2023-01-26T19:40:00,0.036749795,0.06024984,0.023500044,0,0,0
2023-01-26T19:50:00,0.036969446,0.06025043,0.023280986,0,0,0
2023-01-26T20:00:00,0.024109641,0.060251605,0.03614196,0,0,0
2023-01-26T20:10:00,0.024981517,0.06025238,0.035270862,0,0,0
2023-01-26T20:20:00,0.025945146,0.06025193,0.034306783,0,0,0
2023-01-26T20:30:00,0.025785193,0.060252253,0.03446706,0,0,0
2023-01-26T20:40:00,0.02567094,0.06025213,0.03458119,0,0,0
2023-01-26T20:50:00,0.024834007,0.06025146,0.035417452,0,0,0
2023-01-26T21:00:00,0.023079041,0.060251907,0.037172865,0,0,0
2023-01-26T21:10:00,0.02281172,0.060251687,0.037439965,0,0,0
2023-01-26T21:20:00,0.021835376,0.060251366,0.03841599,0,0,0
2023-01-26T21:30:00,0.022459585,0.060251366,0.03779178,0,0,0
2023-01-26T21:40:00,0.022970876,0.06025152,0.03728064,0,0,0
2023-01-26T21:50:00,0.024528917,0.060251355,0.03572244,0,0,0
2023-01-26T22:00:00,0.025666798,0.06025177,0.03458497,0,0,0
2023-01-26T22:10:00,0.026246242,0.06025139,0.034005146,0,0,0
2023-01-26T22:20:00,0.027983513,0.06025131,0.032267798,0,0,0
2023-01-26T22:30:00,0.027263293,0.060250606,0.03298731,0,0,0
2023-01-26T22:40:00,0.027606921,0.06025096,0.03264404,0,0,0
2023-01-26T22:50:00,0.025774091,0.060250495,0.034476403,0,0,0
2023-01-26T23:00:00,0.024727045,0.060250994,0.03552395,0,0,0
2023-01-26T23:10:00,0.024537303,0.06025126,0.035713956,0,0,0
2023-01-26T23:20:00,0.023880348,0.06025072,0.03637037,0,0,0
2023-01-26T23:30:00,0.023190632,0.060250815,0.037060183,0,0,0
2023-01-26T23:40:00,0.025225991,0.06025055,0.03502456,0,0,0
2023-01-26T23:50:00,0.025530221,0.060250275,0.034720056,0,0,0
2023-01-27T00:00:00,0.02691722,0.060250364,0.033333145,0,0,0
2023-01-27T00:10:00,0.02817522,0.06025001,0.03207479,0,0,0
2023-01-27T00:20:00,0.029628783,0.060250092,0.030621309,0,0,0
2023-01-27T00:30:00,0.02968189,0.060249984,0.030568095,0,0,0
2023-01-27T00:40:00,0.029274609,0.060250122,0.030975513,0,0,0
2023-01-27T00:50:00,0.028490076,0.060249995,0.031759918,0,0,0
2023-01-27T01:00:00,0.027472807,0.06025001,0.032777205,0,0,0
2023-01-27T01:10:00,0.026436875,0.06024988,0.033813007,0,0,0
2023-01-27T01:20:00,0.02561962,0.060249984,0.034630366,0,0,0
2023-01-27T01:30:00,0.025165336,0.060249913,0.035084575,0,0,0
2023-01-27T01:40:00,0.026801134,0.060249913,0.033448778,0,0,0
2023-01-27T01:50:00,0.02795145,0.060249746,0.032298297,0,0,0
2023-01-27T02:00:00,0.028791573,0.060249694,0.03145812,0,0,0
2023-01-27T02:10:00,0.030509597,0.060249526,0.02973993,0,0,0
2023-01-27T02:20:00,0.031417284,0.0602493,0.028832015,0,0,0
2023-01-27T02:30:00,0.03162559,0.060249746,0.028624155,0,0,0
2023-01-27T02:40:00,0.030800002,0.060249284,0.029449282,0,0,0
2023-01-27T02:50:00,0.03030659,0.060249098,0.029942507,0,0,0
2023-01-27T03:00:00,0.029127488,0.0602493,0.03112181,0,0,0
2023-01-27T03:10:00,0.027608292,0.060248904,0.032640614,0,0,0
2023-01-27T03:20:00,0.026169818,0.060249597,0.03407978,0,0,0
2023-01-27T03:30:00,0.0270304,0.06024889,0.033218488,0,0,0
2023-01-27T03:40:00,0.0276009,0.06024911,0.03264821,0,0,0
2023-01-27T03:50:00,0.029434085,0.060249206,0.03081512,0,0,0
2023-01-27T04:00:00,0.030586679,0.060249206,0.029662527,0,0,0
2023-01-27T04:10:00,0.03219316,0.060249526,0.028056365,0,0,0
2023-01-27T04:20:00,0.032954533,0.060249154,0.02729462,0,0,0
2023-01-27T04:30:00,0.03314938,0.060248986,0.027099606,0,0,0
2023-01-27T04:40:00,0.032297954,0.060248666,0.027950712,0,0,0
2023-01-27T04:50:00,0.031325366,0.060249068,0.028923701,0,0,0
2023-01-27T05:00:00,0.02967607,0.060249235,0.030573165,0,0,0
2023-01-27T05:10:00,0.028366826,0.060248986,0.03188216,0,0,0
2023-01-27T05:20:00,0.027875626,0.06024985,0.032374226,0,0,0
2023-01-27T05:30:00,0.027860995,0.060250066,0.03238907,0,0,0
2023-01-27T05:40:00,0.028053775,0.060249068,0.032195292,0,0,0
2023-01-27T05:50:00,0.029082596,0.060249206,0.03116661,0,0,0
2023-01-27T06:00:00,0.03126266,0.060249623,0.028986964,0,0,0
2023-01-27T06:10:00,0.032890767,0.060249794,0.027359027,0,0,0
2023-01-27T06:20:00,0.033302493,0.06024951,0.026947018,0,0,0
2023-01-27T06:30:00,0.032710392,0.060250163,0.027539771,0,0,0
2023-01-27T06:40:00,0.03333911,0.060250122,0.026911013,0,0,0
2023-01-27T06:50:00,0.03115366,0.060249552,0.029095892,0,0,0
2023-01-27T07:00:00,0.030095812,0.06024947,0.030153658,0,0,0
2023-01-27T07:10:00,0.028609512,0.060250178,0.031640664,0,0,0
2023-01-27T07:20:00,0.027721187,0.06025022,0.032529034,0,0,0
2023-01-27T07:30:00,0.028036973,0.060250826,0.03221385,0,0,0
2023-01-27T07:40:00,0.027815245,0.060250606,0.03243536,0,0,0
2023-01-27T07:50:00,0.028489236,0.060250036,0.0317608,0,0,0
2023-01-27T08:00:00,0.04889104,0.060248695,0.011357654,0,0,0
2023-01-27T08:10:00,0.04940737,0.060248557,0.010841187,0,0,0
2023-01-27T08:20:00,0.052670896,0.060248714,0.007577818,0,0,0
2023-01-27T08:30:00,0.053320248,0.060248848,0.0069286004,0,0,0
2023-01-27T08:40:00,0.050659426,0.060248654,0.009589229,0,0,0
2023-01-27T08:50:00,0.048056543,0.060248904,0.012192361,0,0,0
2023-01-27T09:00:00,0.047541022,0.06024911,0.0127080865,0,0,0
2023-01-27T09:10:00,0.044825885,0.060249068,0.015423182,0,0,0
2023-01-27T09:20:00,0.04380186,0.060248904,0.016447045,0,0,0
2023-01-27T09:30:00,0.04254424,0.06024864,0.017704401,0,0,0
2023-01-27T09:40:00,0.043649063,0.06024914,0.016600076,0,0,0
2023-01-27T09:50:00,0.045487393,0.060249485,0.014762092,0,0,0
2023-01-27T10:00:00,0.0467511,0.060249694,0.013498593,0,0,0
2023-01-27T10:10:00,0.048776288,0.060249526,0.0114732385,0,0,0
2023-01-27T10:20:00,0.050916657,0.060250066,0.009333409,0,0,0
2023-01-27T10:30:00,0.051043767,0.060249284,0.009205516,0,0,0
2023-01-27T10:40:00,0.047620744,0.060249865,0.012629122,0,0,0
2023-01-27T10:50:00,0.04676015,0.060249906,0.013489757,0,0,0
2023-01-27T11:00:00,0.032627173,0.060251202,0.02762403,0,0,0
2023-01-27T11:10:00,0.03259001,0.060251147,0.027661137,0,0,0
2023-01-27T11:20:00,0.030339547,0.060251065,0.029911518,0,0,0
2023-01-27T11:30:00,0.031693697,0.06025098,0.028557282,0,0,0
2023-01-27T11:40:00,0.031067606,0.060251147,0.02918354,0,0,0
2023-01-27T11:50:00,0.033218004,0.060251713,0.027033709,0,0,0
2023-01-27T12:00:00,0.033428017,0.06025146,0.026823442,0,0,0
2023-01-27T12:10:00,0.03504195,0.060251944,0.025209993,0,0,0
2023-01-27T12:20:00,0.036416773,0.06025204,0.023835268,0,0,0
2023-01-27T12:30:00,0.035443403,0.060251784,0.02480838,0,0,0
2023-01-27T12:40:00,0.03503414,0.06025188,0.025217742,0,0,0
2023-01-27T12:50:00,0.033160873,0.06025264,0.027091768,0,0,0
2023-01-27T13:00:00,0.032478772,0.060252536,0.027773764,0,0,0
2023-01-27T13:10:00,0.030035242,0.060252197,0.030216955,0,0,0
2023-01-27T13:20:00,0.02792673,0.060252227,0.0323255,0,0,0
2023-01-27T13:30:00,0.027776124,0.06025217,0.032476045,0,0,0
2023-01-27T13:40:00,0.029008282,0.06025255,0.031244269,0,0,0
2023-01-27T13:50:00,0.029240262,0.06025264,0.031012379,0,0,0
2023-01-27T14:00:00,0.03281147,0.0602526,0.02744113,0,0,0
2023-01-27T14:10:00,0.033433817,0.060252294,0.026818477,0,0,0
2023-01-27T14:20:00,0.034316055,0.060252987,0.025936931,0,0,0
2023-01-27T14:30:00,0.03348928,0.060252767,0.026763488,0,0,0
2023-01-27T14:40:00,0.03249234,0.060252808,0.027760468,0,0,0
2023-01-27T14:50:00,0.031791918,0.060252655,0.028460737,0,0,0
2023-01-27T15:00:00,0.029762985,0.06025268,0.030489696,0,0,0
2023-01-27T15:10:00,0.028017307,0.060253534,0.032236226,0,0,0
2023-01-27T15:20:00,0.027675252,0.06025271,0.03257746,0,0,0
2023-01-27T15:30:00,0.026745265,0.06025288,0.033507615,0,0,0
2023-01-27T15:40:00,0.027449688,0.06025342,0.03280373,0,0,0
2023-01-27T15:50:00,0.028521186,0.060252737,0.031731553,0,0,0
2023-01-27T16:00:00,0.03005734,0.06025305,0.03019571,0,0,0
2023-01-27T16:10:00,0.031370845,0.060252864,0.02888202,0,0,0
2023-01-27T16:20:00,0.032338466,0.06025293,0.027914464,0,0,0
2023-01-27T16:30:00,0.032081276,0.06025292,0.028171644,0,0,0
2023-01-27T16:40:00,0.032028686,0.06025258,0.028223895,0,0,0
2023-01-27T16:50:00,0.029438635,0.060252737,0.030814102,0,0,0
2023-01-27T17:00:00,0.036497045,0.060251657,0.023754612,0,0,0
2023-01-27T17:10:00,0.036489688,0.06025193,0.023762241,0,0,0
2023-01-27T17:20:00,0.03463877,0.060251955,0.025613185,0,0,0
2023-01-27T17:30:00,0.034569368,0.06025205,0.025682684,0,0,0
2023-01-27T17:40:00,0.03516935,0.06025155,0.025082197,0,0,0
2023-01-27T17:50:00,0.036584485,0.060251825,0.02366734,0,0,0
2023-01-27T18:00:00,0.037571393,0.06025131,0.022679918,0,0,0
2023-01-27T18:10:00,0.03945386,0.06025109,0.02079723,0,0,0
2023-01-27T18:20:00,0.0407786,0.060251534,0.019472934,0,0,0
2023-01-27T18:30:00,0.041767668,0.06025096,0.018483292,0,0,0
2023-01-27T18:40:00,0.04065372,0.06025152,0.019597799,0,0,0
2023-01-27T18:50:00,0.038550597,0.060251366,0.02170077,0,0,0
2023-01-27T19:00:00,0.036812786,0.0602517,0.023438916,0,0,0
2023-01-27T19:10:00,0.03523168,0.060251106,0.025019426,0,0,0
2023-01-27T19:20:00,0.035188362,0.060251445,0.025063083,0,0,0
2023-01-27T19:30:00,0.032964557,0.060251035,0.027286477,0,0,0
2023-01-27T19:40:00,0.034372028,0.06025026,0.025878232,0,0,0
2023-01-27T19:50:00,0.037261978,0.060250495,0.022988517,0,0,0
2023-01-27T20:00:00,0.023904089,0.060252145,0.036348056,0,0,0
2023-01-27T20:10:00,0.025606804,0.060251605,0.0346448,0,0,0
2023-01-27T20:20:00,0.025660241,0.060252283,0.03459204,0,0,0
2023-01-27T20:30:00,0.025941605,0.06025201,0.034310408,0,0,0
2023-01-27T20:40:00,0.025440209,0.06025185,0.034811642,0,0,0
2023-01-27T20:50:00,0.024331449,0.060251657,0.03592021,0,0,0
2023-01-27T21:00:00,0.023794472,0.06025147,0.036457,0,0,0
2023-01-27T21:10:00,0.022674244,0.060251907,0.037577663,0,0,0
2023-01-27T21:20:00,0.021995703,0.060251147,0.038255446,0,0,0
2023-01-27T21:30:00,0.021597173,0.060251325,0.038654152,0,0,0
2023-01-27T21:40:00,0.022145497,0.060250904,0.038105406,0,0,0
2023-01-27T21:50:00,0.02379699,0.060251415,0.036454424,0,0,0
2023-01-27T22:00:00,0.02529593,0.06025047,0.03495454,0,0,0
2023-01-27T22:10:00,0.026602414,0.06025077,0.033648357,0,0,0
2023-01-27T22:20:00,0.027270142,0.06025048,0.032980338,0,0,0
2023-01-27T22:30:00,0.027437102,0.06025077,0.03281367,0,0,0
2023-01-27T22:40:00,0.027812686,0.060250577,0.03243789,0,0,0
2023-01-27T22:50:00,0.026383832,0.06025085,0.033867016,0,0,0
2023-01-27T23:00:00,0.024138667,0.060250662,0.036111996,0,0,0
2023-01-27T23:10:00,0.023823133,0.060250565,0.03642743,0,0,0
2023-01-27T23:20:00,0.024082378,0.0602508,0.036168423,0,0,0
2023-01-27T23:30:00,0.024080956,0.060250673,0.036169715,0,0,0
2023-01-27T23:40:00,0.024091125,0.060250178,0.036159053,0,0,0
2023-01-27T23:50:00,0.025704317,0.06025093,0.034546614,0,0,0
2023-01-28T00:00:00,0.027133452,0.060250286,0.033116832,0,0,0
2023-01-28T00:10:00,0.029136674,0.060249608,0.031112934,0,0,0
2023-01-28T00:20:00,0.029502919,0.060250025,0.030747106,0,0,0
2023-01-28T00:30:00,0.029411366,0.06024985,0.030838484,0,0,0
2023-01-28T00:40:00,0.028382363,0.06024976,0.0318674,0,0,0
2023-01-28T00:50:00,0.028506614,0.060249608,0.031742994,0,0,0
2023-01-28T01:00:00,0.026867442,0.060249694,0.03338225,0,0,0
2023-01-28T01:10:00,0.026783038,0.060249694,0.033466656,0,0,0
2023-01-28T01:20:00,0.026604481,0.06024943,0.03364495,0,0,0
2023-01-28T01:30:00,0.025489338,0.06024947,0.034760132,0,0,0
2023-01-28T01:40:00,0.026397472,0.06024939,0.033851914,0,0,0
2023-01-28T01:50:00,0.028286405,0.06024947,0.031963065,0,0,0
2023-01-28T02:00:00,0.028801259,0.060249027,0.03144777,0,0,0
2023-01-28T02:10:00,0.031313013,0.060249664,0.02893665,0,0,0
2023-01-28T02:20:00,0.032325726,0.06024918,0.027923454,0,0,0
2023-01-28T02:30:00,0.03227663,0.06024914,0.027972508,0,0,0
2023-01-28T02:40:00,0.0309277,0.06024918,0.029321479,0,0,0
2023-01-28T02:50:00,0.030439185,0.06024939,0.029810203,0,0,0
2023-01-28T03:00:00,0.029897572,0.060249444,0.030351872,0,0,0
2023-01-28T03:10:00,0.02804889,0.06024931,0.03220042,0,0,0
2023-01-28T03:20:00,0.027219323,0.06024934,0.03303002,0,0,0
2023-01-28T03:30:00,0.02677827,0.060233273,0.033455003,0,0,0
2023-01-28T03:40:00,0.0274816,0.06024245,0.03276085,0,0,0
2023-01-28T03:50:00,0.029479938,0.060244307,0.03076437,0,0,0
2023-01-28T04:00:00,0.029774858,0.0602454,0.03047054,0,0,0
2023-01-28T04:10:00,0.032129858,0.060245898,0.02811604,0,0,0
2023-01-28T04:20:00,0.034213252,0.060247637,0.026034385,0,0,0
2023-01-28T04:30:00,0.033061333,0.060248584,0.02718725,0,0,0
2023-01-28T04:40:00,0.032140356,0.06024889,0.028108533,0,0,0
2023-01-28T04:50:00,0.031513743,0.060248613,0.02873487,0,0,0
2023-01-28T05:00:00,0.029532753,0.060249366,0.030716613,0,0,0
2023-01-28T05:10:00,0.028413484,0.060249206,0.03183572,0,0,0
2023-01-28T05:20:00,0.028631626,0.060249664,0.031618036,0,0,0
2023-01-28T05:30:00,0.027481446,0.060249638,0.03276819,0,0,0
2023-01-28T05:40:00,0.02872714,0.060249455,0.031522315,0,0,0
2023-01-28T05:50:00,0.03017604,0.06024994,0.0300739,0,0,0
2023-01-28T06:00:00,0.03156089,0.060249027,0.028688136,0,0,0
2023-01-28T06:10:00,0.032868035,0.06024972,0.027381685,0,0,0
2023-01-28T06:20:00,0.033849247,0.060249694,0.026400447,0,0,0
2023-01-28T06:30:00,0.033258036,0.060249582,0.026991546,0,0,0
2023-01-28T06:40:00,0.032481063,0.06025001,0.027768947,0,0,0
2023-01-28T06:50:00,0.030397074,0.060249623,0.029852549,0,0,0
2023-01-28T07:00:00,0.029392894,0.060249526,0.030856632,0,0,0
2023-01-28T07:10:00,0.02914864,0.060249824,0.031101184,0,0,0
2023-01-28T07:20:00,0.028078118,0.06024993,0.03217181,0,0,0
2023-01-28T07:30:00,0.027004054,0.06024993,0.033245876,0,0,0
2023-01-28T07:40:00,0.02867904,0.060249582,0.031570543,0,0,0
2023-01-28T07:50:00,0.028914176,0.060250163,0.031335987,0,0,0
2023-01-28T08:00:00,0.049323086,0.060248703,0.010925617,0,0,0
2023-01-28T08:10:00,0.050922085,0.0602485,0.009326417,0,0,0
2023-01-28T08:20:00,0.052480306,0.0602485,0.007768195,0,0,0
2023-01-28T08:30:00,0.052430164,0.06024826,0.007818095,0,0,0
2023-01-28T08:40:00,0.052098077,0.060248308,0.008150231,0,0,0
2023-01-28T08:50:00,0.049555488,0.06024842,0.010692932,0,0,0
2023-01-28T09:00:00,0.0457113,0.060248557,0.014537256,0,0,0
2023-01-28T09:10:00,0.043667916,0.060248714,0.016580798,0,0,0
2023-01-28T09:20:00,0.044399735,0.0602488,0.015849065,0,0,0
2023-01-28T09:30:00,0.042479143,0.060249012,0.01776987,0,0,0
2023-01-28T09:40:00,0.044544887,0.060248695,0.015703809,0,0,0
2023-01-28T09:50:00,0.045449927,0.060248245,0.014798317,0,0,0
2023-01-28T10:00:00,0.047276203,0.060248584,0.012972381,0,0,0
2023-01-28T10:10:00,0.050318226,0.060249165,0.0099309385,0,0,0
2023-01-28T10:20:00,0.049693175,0.06024918,0.010556005,0,0,0
2023-01-28T10:30:00,0.050273553,0.060249597,0.009976044,0,0,0
2023-01-28T10:40:00,0.047811206,0.06024997,0.012438763,0,0,0
2023-01-28T10:50:00,0.046588548,0.060249746,0.013661198,0,0,0
2023-01-28T11:00:00,0.035063826,0.060251173,0.025187347,0,0,0
2023-01-28T11:10:00,0.033062965,0.060250662,0.027187698,0,0,0
2023-01-28T11:20:00,0.03166409,0.060250405,0.028586317,0,0,0
2023-01-28T11:30:00,0.030614829,0.06025096,0.029636132,0,0,0
2023-01-28T11:40:00,0.032380804,0.06025143,0.027870625,0,0,0
2023-01-28T11:50:00,0.032885637,0.06025131,0.027365673,0,0,0
2023-01-28T12:00:00,0.034224514,0.06025152,0.026027005,0,0,0
2023-01-28T12:10:00,0.035155483,0.0602518,0.025096316,0,0,0
2023-01-28T12:20:00,0.036671806,0.06025163,0.023579825,0,0,0
2023-01-28T12:30:00,0.03650033,0.060251415,0.023751084,0,0,0
2023-01-28T12:40:00,0.03603688,0.06025288,0.024216,0,0,0
2023-01-28T12:50:00,0.0336737,0.060251825,0.026578125,0,0,0
2023-01-28T13:00:00,0.03170884,0.06025209,0.028543249,0,0,0
2023-01-28T13:10:00,0.029063253,0.06025204,0.031188788,0,0,0
2023-01-28T13:20:00,0.027831089,0.060252283,0.032421194,0,0,0
2023-01-28T13:30:00,0.028683687,0.060251713,0.031568028,0,0,0
2023-01-28T13:40:00,0.02992581,0.06025209,0.030326279,0,0,0
2023-01-28T13:50:00,0.029750224,0.06025263,0.030502405,0,0,0
2023-01-28T14:00:00,0.032536317,0.060252447,0.02771613,0,0,0
2023-01-28T14:10:00,0.033466592,0.060253035,0.026786443,0,0,0
2023-01-28T14:20:00,0.033793036,0.060252253,0.026459217,0,0,0
2023-01-28T14:30:00,0.032942217,0.060252767,0.02731055,0,0,0
2023-01-28T14:40:00,0.03290961,0.06025309,0.027343482,0,0,0
2023-01-28T14:50:00,0.031755548,0.060252994,0.028497446,0,0,0
2023-01-28T15:00:00,0.029550184,0.06025255,0.030702367,0,0,0
2023-01-28T15:10:00,0.028518012,0.06025239,0.031734377,0,0,0
2023-01-28T15:20:00,0.026473386,0.06025239,0.033779003,0,0,0
2023-01-28T15:30:00,0.02700579,0.06025268,0.03324689,0,0,0
2023-01-28T15:40:00,0.02772718,0.060252614,0.032525435,0,0,0
2023-01-28T15:50:00,0.028468026,0.060251907,0.03178388,0,0,0
2023-01-28T16:00:00,0.029548125,0.06025271,0.030704586,0,0,0
2023-01-28T16:10:00,0.030846989,0.06025301,0.02940602,0,0,0
2023-01-28T16:20:00,0.031858943,0.060253307,0.028394364,0,0,0
2023-01-28T16:30:00,0.032546863,0.06025258,0.027705718,0,0,0
2023-01-28T16:40:00,0.03235035,0.06025209,0.027901739,0,0,0
2023-01-28T16:50:00,0.029842965,0.060252585,0.03040962,0,0,0
2023-01-28T17:00:00,0.036723536,0.06025134,0.023527805,0,0,0
2023-01-28T17:10:00,0.03666809,0.060251575,0.023583487,0,0,0
2023-01-28T17:20:00,0.033744875,0.06025151,0.026506636,0,0,0
2023-01-28T17:30:00,0.03553198,0.06025185,0.024719872,0,0,0
2023-01-28T17:40:00,0.03347946,0.06025155,0.02677209,0,0,0
2023-01-28T17:50:00,0.037745662,0.060251214,0.022505552,0,0,0
2023-01-28T18:00:00,0.037588563,0.06025113,0.022662569,0,0,0
2023-01-28T18:10:00,0.04091244,0.060251657,0.019339219,0,0,0
2023-01-28T18:20:00,0.041255925,0.060251214,0.018995289,0,0,0
2023-01-28T18:30:00,0.040505495,0.060250863,0.019745369,0,0,0
2023-01-28T18:40:00,0.04104395,0.060251188,0.01920724,0,0,0
2023-01-28T18:50:00,0.040475406,0.0602513,0.019775894,0,0,0
2023-01-28T19:00:00,0.037752,0.06025076,0.02249876,0,0,0
2023-01-28T19:10:00,0.034762323,0.060250785,0.025488462,0,0,0
2023-01-28T19:20:00,0.03476377,0.06025062,0.025486853,0,0,0
2023-01-28T19:30:00,0.034482952,0.060250323,0.025767371,0,0,0
2023-01-28T19:40:00,0.036041867,0.06025047,0.024208602,0,0,0
2023-01-28T19:50:00,0.036686797,0.060250632,0.023563836,0,0,0
2023-01-28T20:00:00,0.023466172,0.060251646,0.036785476,0,0,0
2023-01-28T20:10:00,0.025043665,0.06025151,0.035207845,0,0,0
2023-01-28T20:20:00,0.02612272,0.060251728,0.03412901,0,0,0
2023-01-28T20:30:00,0.026238753,0.060251575,0.034012824,0,0,0
2023-01-28T20:40:00,0.025121152,0.06025143,0.035130277,0,0,0
2023-01-28T20:50:00,0.025287822,0.060251202,0.03496338,0,0,0
2023-01-28T21:00:00,0.023123708,0.06025188,0.037128173,0,0,0
2023-01-28T21:10:00,0.022159925,0.060251284,0.03809136,0,0,0
2023-01-28T21:20:00,0.022298291,0.06025098,0.037952688,0,0,0
2023-01-28T21:30:00,0.021802919,0.060251243,0.038448326,0,0,0
2023-01-28T21:40:00,0.022701552,0.06025096,0.037549406,0,0,0
2023-01-28T21:50:00,0.023595449,0.060250647,0.0366552,0,0,0
2023-01-28T22:00:00,0.024863947,0.06025069,0.03538674,0,0,0
2023-01-28T22:10:00,0.027157413,0.06025109,0.033093676,0,0,0
2023-01-28T22:20:00,0.027132362,0.06025077,0.03311841,0,0,0
2023-01-28T22:30:00,0.027673692,0.06025047,0.032576777,0,0,0
2023-01-28T22:40:00,0.026919916,0.060250334,0.03333042,0,0,0
2023-01-28T22:50:00,0.025525112,0.060250536,0.034725424,0,0,0
2023-01-28T23:00:00,0.025004098,0.060250565,0.03524647,0,0,0
2023-01-28T23:10:00,0.02464513,0.060249954,0.035604827,0,0,0
2023-01-28T23:20:00,0.023920592,0.060250137,0.036329545,0,0,0
2023-01-28T23:30:00,0.023722032,0.06025085,0.03652882,0,0,0
2023-01-28T23:40:00,0.02509493,0.060250495,0.035155565,0,0,0
2023-01-28T23:50:00,0.02549335,0.060250122,0.034756772,0,0,0
2023-01-29T00:00:00,0.027435428,0.06025001,0.032814585,0,0,0
2023-01-29T00:10:00,0.02956642,0.06024988,0.03068346,0,0,0
2023-01-29T00:20:00,0.029068196,0.060250122,0.031181926,0,0,0
2023-01-29T00:30:00,0.03027541,0.060249735,0.029974325,0,0,0
2023-01-29T00:40:00,0.028363753,0.060249243,0.03188549,0,0,0
2023-01-29T00:50:00,0.028907154,0.060249526,0.031342372,0,0,0
2023-01-29T01:00:00,0.026702352,0.060249608,0.033547256,0,0,0
2023-01-29T01:10:00,0.02705675,0.06024896,0.03319221,0,0,0
2023-01-29T01:20:00,0.025504956,0.060248584,0.03474363,0,0,0
2023-01-29T01:30:00,0.025642686,0.060249366,0.03460668,0,0,0
2023-01-29T01:40:00,0.025981216,0.060249455,0.034268238,0,0,0
2023-01-29T01:50:00,0.027466053,0.06024976,0.03278371,0,0,0
2023-01-29T02:00:00,0.02993758,0.060249623,0.030312043,0,0,0
2023-01-29T02:10:00,0.031113217,0.060249638,0.029136421,0,0,0
2023-01-29T02:20:00,0.03138063,0.060248714,0.028868083,0,0,0
2023-01-29T02:30:00,0.03182792,0.0602493,0.02842138,0,0,0
2023-01-29T02:40:00,0.03214912,0.060249243,0.028100122,0,0,0
2023-01-29T02:50:00,0.029580751,0.06024877,0.030668018,0,0,0
2023-01-29T03:00:00,0.028303666,0.06024918,0.03194551,0,0,0
2023-01-29T03:10:00,0.027060533,0.06024914,0.033188604,0,0,0
2023-01-29T03:20:00,0.026932064,0.060249206,0.03331714,0,0,0
2023-01-29T03:30:00,0.028139235,0.060249444,0.032110207,0,0,0
2023-01-29T03:40:00,0.028136896,0.060249098,0.032112204,0,0,0
2023-01-29T03:50:00,0.029521633,0.060248986,0.030727353,0,0,0
2023-01-29T04:00:00,0.030863114,0.060248874,0.02938576,0,0,0
2023-01-29T04:10:00,0.03191815,0.060249325,0.028331175,0,0,0
2023-01-29T04:20:00,0.033018842,0.060249284,0.027230442,0,0,0
2023-01-29T04:30:00,0.033768963,0.060248815,0.026479851,0,0,0
2023-01-29T04:40:00,0.033069577,0.060248826,0.027179249,0,0,0
2023-01-29T04:50:00,0.031280484,0.060249124,0.02896864,0,0,0
2023-01-29T05:00:00,0.029504595,0.06024914,0.030744543,0,0,0
2023-01-29T05:10:00,0.028155692,0.060249165,0.032093473,0,0,0
2023-01-29T05:20:00,0.028007513,0.06024911,0.032241598,0,0,0
2023-01-29T05:30:00,0.027350064,0.060248904,0.03289884,0,0,0
2023-01-29T05:40:00,0.028331406,0.06024968,0.031918272,0,0,0
2023-01-29T05:50:00,0.029760718,0.060249206,0.030488487,0,0,0
2023-01-29T06:00:00,0.031260427,0.06024934,0.028988913,0,0,0
2023-01-29T06:10:00,0.03226678,0.060249057,0.027982276,0,0,0
2023-01-29T06:20:00,0.03324294,0.06024918,0.027006239,0,0,0
2023-01-29T06:30:00,0.03458212,0.060249444,0.025667325,0,0,0
2023-01-29T06:40:00,0.03232339,0.06024947,0.02792608,0,0,0
2023-01-29T06:50:00,0.03116917,0.060249284,0.029080113,0,0,0
2023-01-29T07:00:00,0.030470485,0.06024918,0.029778695,0,0,0
2023-01-29T07:10:00,0.02820889,0.060249824,0.03204093,0,0,0
2023-01-29T07:20:00,0.027403645,0.060249783,0.032846138,0,0,0
2023-01-29T07:30:00,0.027206881,0.060249865,0.033042982,0,0,0
2023-01-29T07:40:00,0.026800536,0.060249954,0.03344942,0,0,0
2023-01-29T07:50:00,0.029431563,0.060250025,0.030818462,0,0,0
2023-01-29T08:00:00,0.04937396,0.06024813,0.010874171,0,0,0
2023-01-29T08:10:00,0.051055133,0.060247745,0.009192612,0,0,0
2023-01-29T08:20:00,0.05370548,0.06024826,0.0065427795,0,0,0
2023-01-29T08:30:00,0.051237993,0.060248487,0.009010494,0,0,0
2023-01-29T08:40:00,0.052082658,0.06024823,0.008165572,0,0,0
2023-01-29T08:50:00,0.048824515,0.060248528,0.0114240125,0,0,0
2023-01-29T09:00:00,0.04804402,0.06024793,0.012203913,0,0,0
2023-01-29T09:10:00,0.044188444,0.060247906,0.016059462,0,0,0
2023-01-29T09:20:00,0.04311534,0.06024846,0.01713312,0,0,0
2023-01-29T09:30:00,0.04270699,0.060248584,0.017541595,0,0,0
2023-01-29T09:40:00,0.044904586,0.060249254,0.015344668,0,0,0
2023-01-29T09:50:00,0.046005636,0.060248785,0.014243148,0,0,0
2023-01-29T10:00:00,0.047028597,0.06024911,0.013220511,0,0,0
2023-01-29T10:10:00,0.04764047,0.06024918,0.012608711,0,0,0
2023-01-29T10:20:00,0.051456414,0.060248584,0.008792169,0,0,0
2023-01-29T10:30:00,0.04984863,0.060249206,0.010400575,0,0,0
2023-01-29T10:40:00,0.049288683,0.060249235,0.010960553,0,0,0
2023-01-29T10:50:00,0.046411082,0.06024911,0.013838027,0,0,0
2023-01-29T11:00:00,0.035139266,0.06024997,0.025110703,0,0,0
2023-01-29T11:10:00,0.030920459,0.060250286,0.029329827,0,0,0
2023-01-29T11:20:00,0.030349793,0.060250245,0.029900452,0,0,0
2023-01-29T11:30:00,0.031084629,0.060250536,0.029165907,0,0,0
2023-01-29T11:40:00,0.0296679,0.060250826,0.030582925,0,0,0
2023-01-29T11:50:00,0.032535374,0.06025098,0.027715605,0,0,0
2023-01-29T12:00:00,0.034030523,0.060250863,0.02622034,0,0,0
2023-01-29T12:10:00,0.03634372,0.06025105,0.02390733,0,0,0
2023-01-29T12:20:00,0.035866946,0.060251955,0.024385009,0,0,0
2023-01-29T12:30:00,0.037405856,0.0602515,0.022845645,0,0,0
2023-01-29T12:40:00,0.03522199,0.060251687,0.025029697,0,0,0
2023-01-29T12:50:00,0.03296172,0.060251713,0.027289994,0,0,0
2023-01-29T13:00:00,0.032014344,0.06025155,0.028237205,0,0,0
2023-01-29T13:10:00,0.029233446,0.06025143,0.031017983,0,0,0
2023-01-29T13:20:00,0.02986327,0.060251907,0.030388637,0,0,0
2023-01-29T13:30:00,0.029469153,0.060251713,0.03078256,0,0,0
2023-01-29T13:40:00,0.030004775,0.060252566,0.03024779,0,0,0
2023-01-29T13:50:00,0.03049627,0.06025217,0.029755902,0,0,0
2023-01-29T14:00:00,0.031634238,0.06025255,0.028618313,0,0,0
2023-01-29T14:10:00,0.03332139,0.060252905,0.026931513,0,0,0
2023-01-29T14:20:00,0.03455157,0.060252145,0.025700577,0,0,0
2023-01-29T14:30:00,0.03269799,0.060252186,0.027554195,0,0,0
2023-01-29T14:40:00,0.032924518,0.06025267,0.027328152,0,0,0
2023-01-29T14:50:00,0.030979613,0.06025209,0.029272476,0,0,0
2023-01-29T15:00:00,0.029828418,0.06025204,0.030423623,0,0,0
2023-01-29T15:10:00,0.027765227,0.06025239,0.03248716,0,0,0
2023-01-29T15:20:00,0.027820641,0.060252115,0.032431476,0,0,0
2023-01-29T15:30:00,0.027395267,0.060251895,0.03285663,0,0,0
2023-01-29T15:40:00,0.027818665,0.06025271,0.032434046,0,0,0
2023-01-29T15:50:00,0.029203013,0.06025293,0.031049918,0,0,0
2023-01-29T16:00:00,0.031284083,0.060252726,0.028968643,0,0,0
2023-01-29T16:10:00,0.031839255,0.060252447,0.028413191,0,0,0
2023-01-29T16:20:00,0.03256691,0.06025264,0.027685732,0,0,0
2023-01-29T16:30:00,0.032415118,0.060252905,0.027837787,0,0,0
2023-01-29T16:40:00,0.031427637,0.06025258,0.028824944,0,0,0
2023-01-29T16:50:00,0.029876595,0.06025258,0.030375985,0,0,0
2023-01-29T17:00:00,0.037409708,0.060251415,0.022841707,0,0,0
2023-01-29T17:10:00,0.035635103,0.06025116,0.024616059,0,0,0
2023-01-29T17:20:00,0.035142593,0.060250632,0.02510804,0,0,0
2023-01-29T17:30:00,0.033631288,0.060251202,0.026619915,0,0,0
2023-01-29T17:40:00,0.032942317,0.06025116,0.027308844,0,0,0
2023-01-29T17:50:00,0.037481103,0.06025159,0.022770487,0,0,0
2023-01-29T18:00:00,0.039674964,0.060251202,0.020576239,0,0,0
2023-01-29T18:10:00,0.041114263,0.060251065,0.019136801,0,0,0
2023-01-29T18:20:00,0.040558796,0.060250647,0.019691851,0,0,0
2023-01-29T18:30:00,0.041592516,0.060250163,0.018657647,0,0,0
2023-01-29T18:40:00,0.039756034,0.060250875,0.020494841,0,0,0
2023-01-29T18:50:00,0.039403945,0.060249984,0.020846039,0,0,0
2023-01-29T19:00:00,0.03674096,0.06025069,0.02350973,0,0,0
2023-01-29T19:10:00,0.035960924,0.060250122,0.024289198,0,0,0
2023-01-29T19:20:00,0.034801282,0.060250092,0.02544881,0,0,0
2023-01-29T19:30:00,0.034394775,0.06025001,0.025855236,0,0,0
2023-01-29T19:40:00,0.03660478,0.060249995,0.023645215,0,0,0
2023-01-29T19:50:00,0.037762538,0.060249552,0.022487015,0,0,0
2023-01-29T20:00:00,0.025035167,0.060251687,0.035216518,0,0,0
2023-01-29T20:10:00,0.024981752,0.06025177,0.035270017,0,0,0
2023-01-29T20:20:00,0.026150562,0.060251687,0.034101125,0,0,0
2023-01-29T20:30:00,0.025729354,0.060250826,0.03452147,0,0,0
2023-01-29T20:40:00,0.025479764,0.06025155,0.034771785,0,0,0
2023-01-29T20:50:00,0.024859719,0.06025151,0.035391793,0,0,0
2023-01-29T21:00:00,0.023654766,0.06025155,0.036596783,0,0,0
2023-01-29T21:10:00,0.022808736,0.06025126,0.03744252,0,0,0
2023-01-29T21:20:00,0.021559175,0.060250945,0.03869177,0,0,0
2023-01-29T21:30:00,0.022056352,0.060250904,0.038194552,0,0,0
2023-01-29T21:40:00,0.022605335,0.060250286,0.037644953,0,0,0
2023-01-29T21:50:00,0.02413952,0.060250364,0.036110844,0,0,0
2023-01-29T22:00:00,0.025771318,0.060250107,0.03447879,0,0,0
2023-01-29T22:10:00,0.025749415,0.06025015,0.034500733,0,0,0
2023-01-29T22:20:00,0.027429767,0.060250662,0.032820895,0,0,0
2023-01-29T22:30:00,0.02802955,0.060250364,0.032220814,0,0,0
2023-01-29T22:40:00,0.02707941,0.060250178,0.033170767,0,0,0
2023-01-29T22:50:00,0.026306605,0.060250275,0.033943668,0,0,0
2023-01-29T23:00:00,0.024579113,0.06025038,0.035671264,0,0,0
2023-01-29T23:10:00,0.0246265,0.060250092,0.03562359,0,0,0
2023-01-29T23:20:00,0.023717152,0.060249582,0.03653243,0,0,0
2023-01-29T23:30:00,0.023121571,0.06024985,0.037128277,0,0,0
2023-01-29T23:40:00,0.02460531,0.060249124,0.035643816,0,0,0
2023-01-29T23:50:00,0.025349854,0.06025015,0.034900293,0,0,0
2023-01-30T00:00:00,0.026073838,0.060249552,0.034175716,0,0,0
2023-01-30T00:10:00,0.028135467,0.06024896,0.032113492,0,0,0
2023-01-30T00:20:00,0.02927443,0.06024927,0.030974839,0,0,0
2023-01-30T00:30:00,0.029100332,0.060248785,0.031148452,0,0,0
2023-01-30T00:40:00,0.029411377,0.060248863,0.030837486,0,0,0
2023-01-30T00:50:00,0.028179148,0.06024922,0.03207007,0,0,0
2023-01-30T01:00:00,0.026963433,0.060249195,0.03328576,0,0,0
2023-01-30T01:10:00,0.026435072,0.06024914,0.033814065,0,0,0
2023-01-30T01:20:00,0.025218299,0.060249068,0.035030767,0,0,0
2023-01-30T01:30:00,0.025457228,0.06024922,0.03479199,0,0,0
2023-01-30T01:40:00,0.026482727,0.06024889,0.03376616,0,0,0
2023-01-30T01:50:00,0.027169727,0.060248625,0.033078898,0,0,0
2023-01-30T02:00:00,0.02974998,0.060249124,0.030499144,0,0,0
2023-01-30T02:10:00,0.031276062,0.060249,0.028972939,0,0,0
2023-01-30T02:20:00,0.031127287,0.060249195,0.029121907,0,0,0
2023-01-30T02:30:00,0.031210313,0.060249027,0.029038714,0,0,0
2023-01-30T02:40:00,0.031292092,0.060248543,0.02895645,0,0,0
2023-01-30T02:50:00,0.030704383,0.06024839,0.029544007,0,0,0
2023-01-30T03:00:00,0.02885311,0.060248744,0.031395636,0,0,0
2023-01-30T03:10:00,0.027738746,0.060249012,0.032510266,0,0,0
2023-01-30T03:20:00,0.027515998,0.060248446,0.03273245,0,0,0
2023-01-30T03:30:00,0.02634552,0.06024847,0.03390295,0,0,0
2023-01-30T03:40:00,0.027157826,0.060248826,0.033091,0,0,0
2023-01-30T03:50:00,0.028831232,0.060248654,0.031417422,0,0,0
2023-01-30T04:00:00,0.030050373,0.060248274,0.030197902,0,0,0
2023-01-30T04:10:00,0.031949956,0.06024889,0.028298933,0,0,0
2023-01-30T04:20:00,0.03285065,0.060249012,0.027398363,0,0,0
2023-01-30T04:30:00,0.033777375,0.0602486,0.026471224,0,0,0
2023-01-30T04:40:00,0.03243991,0.060247794,0.027807884,0,0,0
2023-01-30T04:50:00,0.031312827,0.060248714,0.028935887,0,0,0
2023-01-30T05:00:00,0.030117085,0.06024864,0.030131554,0,0,0
2023-01-30T05:10:00,0.028448332,0.060248654,0.031800322,0,0,0
2023-01-30T05:20:00,0.02726279,0.06024873,0.03298594,0,0,0
2023-01-30T05:30:00,0.028074061,0.06024904,0.032174982,0,0,0
2023-01-30T05:40:00,0.029397395,0.06024918,0.030851785,0,0,0
2023-01-30T05:50:00,0.029376803,0.060249154,0.03087235,0,0,0
2023-01-30T06:00:00,0.032258198,0.06024847,0.027990274,0,0,0
2023-01-30T06:10:00,0.032670215,0.06024864,0.027578425,0,0,0
2023-01-30T06:20:00,0.03486801,0.060248714,0.025380705,0,0,0
2023-01-30T06:30:00,0.033018798,0.060249068,0.02723027,0,0,0
2023-01-30T06:40:00,0.032294333,0.06024889,0.027954556,0,0,0
2023-01-30T06:50:00,0.031211644,0.060249235,0.029037591,0,0,0
2023-01-30T07:00:00,0.029846318,0.060249485,0.030403167,0,0,0
2023-01-30T07:10:00,0.028394213,0.060249124,0.031854913,0,0,0
2023-01-30T07:20:00,0.027806811,0.060249552,0.03244274,0,0,0
2023-01-30T07:30:00,0.027668318,0.0602493,0.03258098,0,0,0
2023-01-30T07:40:00,0.0280342,0.060249366,0.032215163,0,0,0
2023-01-30T07:50:00,0.029405193,0.06024976,0.030844567,0,0,0
2023-01-30T08:00:00,0.049932305,0.06024759,0.010315284,0,0,0
2023-01-30T08:10:00,0.05002362,0.060248334,0.010224715,0,0,0
2023-01-30T08:20:00,0.053643066,0.06024769,0.006604623,0,0,0
2023-01-30T08:30:00,0.055365358,0.060248375,0.0048830174,0,0,0
2023-01-30T08:40:00,0.049986005,0.06024806,0.010262053,0,0,0
2023-01-30T08:50:00,0.048512716,0.060247637,0.0117349215,0,0,0
2023-01-30T09:00:00,0.04663859,0.060248323,0.013609733,0,0,0
2023-01-30T09:10:00,0.043349676,0.06024813,0.016898453,0,0,0
2023-01-30T09:20:00,0.044084582,0.060248293,0.01616371,0,0,0
2023-01-30T09:30:00,0.04406516,0.06024793,0.016182773,0,0,0
2023-01-30T09:40:00,0.043474063,0.060248584,0.01677452,0,0,0
2023-01-30T09:50:00,0.044519525,0.0602481,0.015728574,0,0,0
2023-01-30T10:00:00,0.04809768,0.060248557,0.012150876,0,0,0
2023-01-30T10:10:00,0.04982851,0.060248557,0.010420047,0,0,0
2023-01-30T10:20:00,0.05105739,0.06024826,0.009190869,0,0,0
2023-01-30T10:30:00,0.05000197,0.06024893,0.010246959,0,0,0
2023-01-30T10:40:00,0.048229765,0.06024927,0.012019504,0,0,0
2023-01-30T10:50:00,0.0471434,0.06024927,0.013105869,0,0,0
2023-01-30T11:00:00,0.034206644,0.060250364,0.02604372,0,0,0
2023-01-30T11:10:00,0.032589875,0.0602503,0.027660426,0,0,0
2023-01-30T11:20:00,0.030660955,0.06025047,0.029589513,0,0,0
2023-01-30T11:30:00,0.029977705,0.06025042,0.030272715,0,0,0
2023-01-30T11:40:00,0.031376977,0.06025043,0.028873455,0,0,0
2023-01-30T11:50:00,0.03220883,0.06025073,0.0280419,0,0,0
2023-01-30T12:00:00,0.03366412,0.060250826,0.026586708,0,0,0
2023-01-30T12:10:00,0.03598361,0.06025047,0.024266858,0,0,0
2023-01-30T12:20:00,0.035320897,0.06025096,0.024930064,0,0,0
2023-01-30T12:30:00,0.035052784,0.060251147,0.025198363,0,0,0
2023-01-30T12:40:00,0.034271114,0.060251117,0.025980003,0,0,0
2023-01-30T12:50:00,0.033202015,0.06025123,0.027049214,0,0,0
2023-01-30T13:00:00,0.031409618,0.060251284,0.028841667,0,0,0
2023-01-30T13:10:00,0.030287782,0.060251076,0.029963294,0,0,0
2023-01-30T13:20:00,0.029211283,0.060251657,0.031040374,0,0,0
2023-01-30T13:30:00,0.028657345,0.06025184,0.031594492,0,0,0
2023-01-30T13:40:00,0.02903738,0.060251534,0.031214153,0,0,0
2023-01-30T13:50:00,0.03097828,0.06025155,0.02927327,0,0,0
2023-01-30T14:00:00,0.03194677,0.060251646,0.028304875,0,0,0
2023-01-30T14:10:00,0.033862777,0.0602515,0.026388723,0,0,0
2023-01-30T14:20:00,0.033343714,0.060252026,0.026908312,0,0,0
2023-01-30T14:30:00,0.033703253,0.06025205,0.0265488,0,0,0
2023-01-30T14:40:00,0.03314205,0.060251754,0.027109705,0,0,0
2023-01-30T14:50:00,0.031050142,0.06025204,0.029201899,0,0,0
2023-01-30T15:00:00,0.029786183,0.060251895,0.030465713,0,0,0
2023-01-30T15:10:00,0.028479753,0.06025209,0.031772338,0,0,0
2023-01-30T15:20:00,0.027221167,0.06025193,0.033030763,0,0,0
2023-01-30T15:30:00,0.026011214,0.06025247,0.034241255,0,0,0
2023-01-30T15:40:00,0.027037183,0.060252227,0.033215046,0,0,0
2023-01-30T15:50:00,0.028356448,0.060252436,0.031895988,0,0,0
2023-01-30T16:00:00,0.02951392,0.060252253,0.030738333,0,0,0
2023-01-30T16:10:00,0.031769685,0.060252447,0.028482761,0,0,0
2023-01-30T16:20:00,0.031857084,0.060252447,0.028395362,0,0,0
2023-01-30T16:30:00,0.032883625,0.060252145,0.02736852,0,0,0
2023-01-30T16:40:00,0.031054357,0.06025201,0.029197654,0,0,0
2023-01-30T16:50:00,0.029692926,0.060251687,0.030558761,0,0,0
2023-01-30T17:00:00,0.035869572,0.06025139,0.024381816,0,0,0
2023-01-30T17:10:00,0.03520781,0.060251284,0.025043473,0,0,0
2023-01-30T17:20:00,0.03450442,0.060251035,0.025746614,0,0,0
2023-01-30T17:30:00,0.034243055,0.06025096,0.026007906,0,0,0
2023-01-30T17:40:00,0.036935627,0.060250606,0.023314979,0,0,0
2023-01-30T17:50:00,0.036065944,0.060250815,0.024184871,0,0,0
2023-01-30T18:00:00,0.03981318,0.060250703,0.020437524,0,0,0
2023-01-30T18:10:00,0.039074704,0.06024988,0.021175176,0,0,0
2023-01-30T18:20:00,0.042246826,0.06025102,0.018004194,0,0,0
2023-01-30T18:30:00,0.041091595,0.060250875,0.01915928,0,0,0
2023-01-30T18:40:00,0.042193748,0.060250524,0.018056776,0,0,0
2023-01-30T18:50:00,0.038821645,0.06025072,0.021429073,0,0,0
2023-01-30T19:00:00,0.037829246,0.060250137,0.02242089,0,0,0
2023-01-30T19:10:00,0.03484681,0.060249623,0.025402814,0,0,0
2023-01-30T19:20:00,0.03475052,0.06024931,0.025498789,0,0,0
2023-01-30T19:30:00,0.03482405,0.060250524,0.025426473,0,0,0
2023-01-30T19:40:00,0.035453696,0.060249444,0.024795748,0,0,0
2023-01-30T19:50:00,0.037604958,0.06024896,0.022644002,0,0,0
2023-01-30T20:00:00,0.023972873,0.06025134,0.036278468,0,0,0
2023-01-30T20:10:00,0.024441049,0.060250863,0.035809815,0,0,0
2023-01-30T20:20:00,0.025920903,0.06025076,0.034329854,0,0,0
2023-01-30T20:30:00,0.025979327,0.06025092,0.03427159,0,0,0
2023-01-30T20:40:00,0.025430353,0.060250863,0.034820512,0,0,0
2023-01-30T20:50:00,0.024447193,0.06025147,0.03580428,0,0,0
2023-01-30T21:00:00,0.023223985,0.06025102,0.037027035,0,0,0
2023-01-30T21:10:00,0.022541227,0.060250606,0.037709378,0,0,0
2023-01-30T21:20:00,0.022125216,0.06025022,0.038125,0,0,0
2023-01-30T21:30:00,0.02229462,0.06025043,0.037955813,0,0,0
2023-01-30T21:40:00,0.02272939,0.060250524,0.037521135,0,0,0
2023-01-30T21:50:00,0.024184166,0.060250495,0.03606633,0,0,0
2023-01-30T22:00:00,0.02500071,0.060249824,0.035249114,0,0,0
2023-01-30T22:10:00,0.026362298,0.060249865,0.033887565,0,0,0
2023-01-30T22:20:00,0.027679801,0.060250454,0.032570653,0,0,0
2023-01-30T22:30:00,0.027810689,0.06024972,0.03243903,0,0,0
2023-01-30T22:40:00,0.027475826,0.06024954,0.032773715,0,0,0
2023-01-30T22:50:00,0.02610166,0.06025008,0.03414842,0,0,0
2023-01-30T23:00:00,0.025442738,0.060249552,0.034806814,0,0,0
2023-01-30T23:10:00,0.024257476,0.060249414,0.035991937,0,0,0
2023-01-30T23:20:00,0.024060588,0.06024893,0.03618834,0,0,0
2023-01-30T23:30:00,0.023663346,0.0602495,0.036586154,0,0,0
2023-01-30T23:40:00,0.023769857,0.060249057,0.036479197,0,0,0
2023-01-30T23:50:00,0.026125789,0.060249235,0.034123447,0,0,0
